search_version,profile_id,candidate_json,sequence_draws,side_budget_when_both_completed,start_now_value_min,start_now_value_max,start_now_value_ratio,planning_policy_mean_side_pay,random_policy_mean_side_pay,planning_minus_random,planning_minus_random_se,planning_minus_random_lower_95,planning_gain_over_random,mean_change_in_task_mix,passes_start_now_value_balance,passes_planning_value,passes_sequence_variation,robust_ordering_certified,meets_all_targets,sequential_evidence_status,inclusion_probabilities_without_is,inclusion_probabilities_during_is,variant_separation_pass,trio_variants_distinct,trio_payoff_gap,trio_max_inclusion_probability_gap,cumulative_variants_distinct,cumulative_max_marginal_payoff_gap,cumulative_max_inclusion_probability_gap,simple_variants_distinct,simple_payoff_distribution_total_variation,simple_max_inclusion_probability_gap,side_budget_both,side_budget_main_only,side_budget_movie_only,side_budget_neither,side_upper_both,side_upper_main_only,side_upper_movie_only,side_upper_neither,derived_main_bonus,derived_movie_bonus,guaranteed_gap_both_over_main,guaranteed_gap_main_over_movie,guaranteed_gap_movie_over_neither,guaranteed_pct_both_over_main,guaranteed_pct_main_over_movie,guaranteed_pct_movie_over_neither,review_rank
parameter-search-v2,profile_0081,"{""cumulative"":{""cumulative_a"":{""cap"":10,""increase"":10,""start"":5},""cumulative_b"":{""cap"":10,""increase"":5,""start"":5}},""group_bonuses"":{""fives"":45,""trio_a"":30,""trio_b"":30},""infinite_scroll"":{""increase"":3,""start"":5},""is_duration_name"":""short"",""is_duration_probabilities"":{""4"":0.4,""5"":0.3,""6"":0.2,""7"":0.1},""is_start_probability"":0.1,""non_is_weights"":{""cumulative_a"":0.1,""cumulative_b"":0.15,""fives"":0.15,""simple_a"":0.15,""simple_b"":0.15,""trio_a"":0.1,""trio_b"":0.2},""profile_id"":""profile_0081"",""simple_tasks"":{""simple_a"":[{""points"":5,""probability"":0.3},{""points"":10,""probability"":0.5},{""points"":15,""probability"":0.2}],""simple_b"":[{""points"":5,""probability"":0.45},{""points"":10,""probability"":0.4},{""points"":15,""probability"":0.15}]}}",600,20,8.148851791211701,9.620139313886964,1.1805515133140603,239.51666666666668,135.92583333333334,103.59083333333334,0.7671189924945746,102.08728010804397,0.7621129169706519,0.1478047222222222,True,True,True,True,True,planning-policy diagnostic; not an optimality proof,"{""cumulative_a"": 0.44858768682298095, ""cumulative_b"": 0.5991603984251044, ""fives"": 0.5991603984251044, ""simple_a"": 0.5991603984251044, ""simple_b"": 0.5991603984251044, ""trio_a"": 0.44858768682298095, ""trio_b"": 0.7061830326536209}","{""cumulative_a"": 0.3219205630970337, ""cumulative_b"": 0.450255871579401, ""fives"": 0.450255871579401, ""simple_a"": 0.450255871579401, ""simple_b"": 0.450255871579401, ""trio_a"": 0.3219205630970337, ""trio_b"": 0.5551353874883287}",True,True,0,0.25759534583064,True,0,0.15057271160212343,True,0.15000000000000002,0.0,20,40,80,100,300,600,1200,1500,3250,1805,1205,245,305,0.312987012987013,0.08153078202995008,0.20333333333333334,1
parameter-search-v2,profile_0031,"{""cumulative"":{""cumulative_a"":{""cap"":10,""increase"":5,""start"":0},""cumulative_b"":{""cap"":10,""increase"":10,""start"":5}},""group_bonuses"":{""fives"":45,""trio_a"":30,""trio_b"":25},""infinite_scroll"":{""increase"":3,""start"":5},""is_duration_name"":""long"",""is_duration_probabilities"":{""4"":0.1,""5"":0.2,""6"":0.3,""7"":0.4},""is_start_probability"":0.1,""non_is_weights"":{""cumulative_a"":0.15,""cumulative_b"":0.1,""fives"":0.1,""simple_a"":0.2,""simple_b"":0.15,""trio_a"":0.15,""trio_b"":0.15},""profile_id"":""profile_0031"",""simple_tasks"":{""simple_a"":[{""points"":5,""probability"":0.3},{""points"":10,""probability"":0.5},{""points"":15,""probability"":0.2}],""simple_b"":[{""points"":5,""probability"":0.45},{""points"":10,""probability"":0.4},{""points"":15,""probability"":0.15}]}}",600,20,7.918770496535723,9.536836312878908,1.2043329601547426,254.925,126.11208333333333,128.81291666666667,0.6338012741232273,127.57066616938513,1.0214161344571133,0.11881791666666668,True,True,True,True,True,planning-policy diagnostic; not an optimality proof,"{""cumulative_a"": 0.5991603984251043, ""cumulative_b"": 0.4485876868229809, ""fives"": 0.44858768682298095, ""simple_a"": 0.7061830326536208, ""simple_b"": 0.5991603984251043, ""trio_a"": 0.5991603984251043, ""trio_b"": 0.5991603984251043}","{""cumulative_a"": 0.45025587157940095, ""cumulative_b"": 0.3219205630970337, ""fives"": 0.3219205630970337, ""simple_a"": 0.5551353874883287, ""simple_b"": 0.45025587157940095, ""trio_a"": 0.45025587157940095, ""trio_b"": 0.45025587157940095}",True,True,5,0.0,True,5,0.15057271160212338,True,0.15000000000000002,0.10702263422851654,20,40,80,100,300,600,1200,1500,3250,1805,1205,245,305,0.312987012987013,0.08153078202995008,0.20333333333333334,2
parameter-search-v2,profile_0002,"{""cumulative"":{""cumulative_a"":{""cap"":10,""increase"":10,""start"":5},""cumulative_b"":{""cap"":10,""increase"":5,""start"":0}},""group_bonuses"":{""fives"":45,""trio_a"":25,""trio_b"":30},""infinite_scroll"":{""increase"":3,""start"":5},""is_duration_name"":""short"",""is_duration_probabilities"":{""4"":0.4,""5"":0.3,""6"":0.2,""7"":0.1},""is_start_probability"":0.05,""non_is_weights"":{""cumulative_a"":0.1,""cumulative_b"":0.2,""fives"":0.1,""simple_a"":0.2,""simple_b"":0.2,""trio_a"":0.1,""trio_b"":0.1},""profile_id"":""profile_0002"",""simple_tasks"":{""simple_a"":[{""points"":5,""probability"":0.3},{""points"":10,""probability"":0.5},{""points"":15,""probability"":0.2}],""simple_b"":[{""points"":5,""probability"":0.45},{""points"":10,""probability"":0.4},{""points"":15,""probability"":0.15}]}}",600,20,7.84316346069525,9.469269792622926,1.2073278645889056,265.5,127.715,137.785,0.6381548596778368,136.53421647503143,1.078847433739185,0.11974333333333334,True,True,True,True,True,planning-policy diagnostic; not an optimality proof,"{""cumulative_a"": 0.4607142857142857, ""cumulative_b"": 0.719047619047619, ""fives"": 0.4607142857142857, ""simple_a"": 0.719047619047619, ""simple_b"": 0.719047619047619, ""trio_a"": 0.4607142857142857, ""trio_b"": 0.4607142857142857}","{""cumulative_a"": 0.32738095238095244, ""cumulative_b"": 0.5634920634920636, ""fives"": 0.32738095238095244, ""simple_a"": 0.5634920634920636, ""simple_b"": 0.5634920634920636, ""trio_a"": 0.32738095238095244, ""trio_b"": 0.32738095238095244}",True,True,5,0.0,True,5,0.25833333333333336,True,0.15000000000000002,0.0,20,40,80,100,300,600,1200,1500,3250,1805,1205,245,305,0.312987012987013,0.08153078202995008,0.20333333333333334,3
parameter-search-v2,profile_0004,"{""cumulative"":{""cumulative_a"":{""cap"":10,""increase"":5,""start"":0},""cumulative_b"":{""cap"":10,""increase"":5,""start"":0}},""group_bonuses"":{""fives"":45,""trio_a"":25,""trio_b"":30},""infinite_scroll"":{""increase"":3,""start"":5},""is_duration_name"":""long"",""is_duration_probabilities"":{""4"":0.1,""5"":0.2,""6"":0.3,""7"":0.4},""is_start_probability"":0.05,""non_is_weights"":{""cumulative_a"":0.1,""cumulative_b"":0.2,""fives"":0.1,""simple_a"":0.2,""simple_b"":0.2,""trio_a"":0.1,""trio_b"":0.1},""profile_id"":""profile_0004"",""simple_tasks"":{""simple_a"":[{""points"":5,""probability"":0.3},{""points"":10,""probability"":0.5},{""points"":15,""probability"":0.2}],""simple_b"":[{""points"":5,""probability"":0.45},{""points"":10,""probability"":0.4},{""points"":15,""probability"":0.15}]}}",600,20,7.846908742832118,9.481236495318369,1.2082766355578116,265.725,120.3375,145.3875,0.6358152309672073,144.14130214730426,1.208164537239015,0.12032333333333334,True,True,True,True,True,planning-policy diagnostic; not an optimality proof,"{""cumulative_a"": 0.4607142857142857, ""cumulative_b"": 0.719047619047619, ""fives"": 0.4607142857142857, ""simple_a"": 0.719047619047619, ""simple_b"": 0.719047619047619, ""trio_a"": 0.4607142857142857, ""trio_b"": 0.4607142857142857}","{""cumulative_a"": 0.32738095238095244, ""cumulative_b"": 0.5634920634920636, ""fives"": 0.32738095238095244, ""simple_a"": 0.5634920634920636, ""simple_b"": 0.5634920634920636, ""trio_a"": 0.32738095238095244, ""trio_b"": 0.32738095238095244}",True,True,5,0.0,True,0,0.25833333333333336,True,0.15000000000000002,0.0,20,40,80,100,300,600,1200,1500,3250,1805,1205,245,305,0.312987012987013,0.08153078202995008,0.20333333333333334,4
parameter-search-v2,profile_0068,"{""cumulative"":{""cumulative_a"":{""cap"":10,""increase"":5,""start"":10},""cumulative_b"":{""cap"":10,""increase"":10,""start"":5}},""group_bonuses"":{""fives"":45,""trio_a"":30,""trio_b"":30},""infinite_scroll"":{""increase"":3,""start"":5},""is_duration_name"":""uniform"",""is_duration_probabilities"":{""4"":0.25,""5"":0.25,""6"":0.25,""7"":0.25},""is_start_probability"":0.05,""non_is_weights"":{""cumulative_a"":0.1,""cumulative_b"":0.1,""fives"":0.1,""simple_a"":0.2,""simple_b"":0.25,""trio_a"":0.1,""trio_b"":0.15},""profile_id"":""profile_0068"",""simple_tasks"":{""simple_a"":[{""points"":5,""probability"":0.3},{""points"":10,""probability"":0.5},{""points"":15,""probability"":0.2}],""simple_b"":[{""points"":5,""probability"":0.45},{""points"":10,""probability"":0.4},{""points"":15,""probability"":0.15}]}}",600,20,7.965053596347026,10.0,1.2554843327841825,265.775,144.11875,121.65625,0.7761151509262125,120.13506430418462,0.8441389479162149,0.1623351388888889,False,True,True,True,False,planning-policy diagnostic; not an optimality proof,"{""cumulative_a"": 0.4655310375898611, ""cumulative_b"": 0.4655310375898611, ""fives"": 0.4655310375898611, ""simple_a"": 0.7236195177371647, ""simple_b"": 0.7962576639047226, ""trio_a"": 0.4655310375898611, ""trio_b"": 0.617998667998668}","{""cumulative_a"": 0.33018599048010816, ""cumulative_b"": 0.33018599048010816, ""fives"": 0.33018599048010816, ""simple_a"": 0.5673705379587733, ""simple_b"": 0.650605113840408, ""trio_a"": 0.33018599048010816, ""trio_b"": 0.46128038628038626}",True,True,0,0.1524676304088069,True,5,0.0,True,0.15000000000000002,0.08323457588163463,20,40,80,100,300,600,1200,1500,3250,1805,1205,245,305,0.312987012987013,0.08153078202995008,0.20333333333333334,5
parameter-search-v2,profile_0088,"{""cumulative"":{""cumulative_a"":{""cap"":10,""increase"":5,""start"":5},""cumulative_b"":{""cap"":10,""increase"":5,""start"":10}},""group_bonuses"":{""fives"":45,""trio_a"":25,""trio_b"":30},""infinite_scroll"":{""increase"":3,""start"":5},""is_duration_name"":""uniform"",""is_duration_probabilities"":{""4"":0.25,""5"":0.25,""6"":0.25,""7"":0.25},""is_start_probability"":0.05,""non_is_weights"":{""cumulative_a"":0.15,""cumulative_b"":0.1,""fives"":0.1,""simple_a"":0.2,""simple_b"":0.15,""trio_a"":0.2,""trio_b"":0.1},""profile_id"":""profile_0088"",""simple_tasks"":{""simple_a"":[{""points"":5,""probability"":0.3},{""points"":10,""probability"":0.5},{""points"":15,""probability"":0.2}],""simple_b"":[{""points"":5,""probability"":0.45},{""points"":10,""probability"":0.4},{""points"":15,""probability"":0.15}]}}",600,20,7.950020041923745,10.0,1.2578584641630917,262.55,141.50083333333333,121.04916666666666,0.6659399898417935,119.74392428657674,0.8554661044399031,0.14486277777777776,False,True,True,True,False,planning-policy diagnostic; not an optimality proof,"{""cumulative_a"": 0.6058556639438991, ""cumulative_b"": 0.45443592355357065, ""fives"": 0.45443592355357065, ""simple_a"": 0.7124904507257448, ""simple_b"": 0.6058556639438992, ""trio_a"": 0.7124904507257449, ""trio_b"": 0.45443592355357065}","{""cumulative_a"": 0.4538703943115708, ""cumulative_b"": 0.3246049701932055, ""fives"": 0.3246049701932055, ""simple_a"": 0.559222150398621, ""simple_b"": 0.4538703943115708, ""trio_a"": 0.559222150398621, ""trio_b"": 0.3246049701932055}",True,True,5,0.25805452717217425,True,5,0.15141974039032846,True,0.15000000000000002,0.10663478678184557,20,40,80,100,300,600,1200,1500,3250,1805,1205,245,305,0.312987012987013,0.08153078202995008,0.20333333333333334,6
parameter-search-v2,profile_0086,"{""cumulative"":{""cumulative_a"":{""cap"":10,""increase"":10,""start"":5},""cumulative_b"":{""cap"":10,""increase"":5,""start"":10}},""group_bonuses"":{""fives"":45,""trio_a"":25,""trio_b"":30},""infinite_scroll"":{""increase"":3,""start"":5},""is_duration_name"":""short"",""is_duration_probabilities"":{""4"":0.4,""5"":0.3,""6"":0.2,""7"":0.1},""is_start_probability"":0.05,""non_is_weights"":{""cumulative_a"":0.1,""cumulative_b"":0.15,""fives"":0.1,""simple_a"":0.2,""simple_b"":0.2,""trio_a"":0.15,""trio_b"":0.1},""profile_id"":""profile_0086"",""simple_tasks"":{""simple_a"":[{""points"":5,""probability"":0.3},{""points"":10,""probability"":0.5},{""points"":15,""probability"":0.2}],""simple_b"":[{""points"":5,""probability"":0.45},{""points"":10,""probability"":0.4},{""points"":15,""probability"":0.15}]}}",600,20,7.945606813815597,10.0,1.258557116444811,266.89166666666665,141.83833333333334,125.05333333333333,0.6624194354334666,123.75499123988374,0.8816610460265795,0.14384069444444444,False,True,True,True,False,planning-policy diagnostic; not an optimality proof,"{""cumulative_a"": 0.4544359235535706, ""cumulative_b"": 0.6058556639438992, ""fives"": 0.4544359235535706, ""simple_a"": 0.7124904507257449, ""simple_b"": 0.7124904507257449, ""trio_a"": 0.6058556639438992, ""trio_b"": 0.4544359235535706}","{""cumulative_a"": 0.3246049701932055, ""cumulative_b"": 0.4538703943115707, ""fives"": 0.3246049701932055, ""simple_a"": 0.559222150398621, ""simple_b"": 0.559222150398621, ""trio_a"": 0.4538703943115707, ""trio_b"": 0.3246049701932055}",True,True,5,0.15141974039032863,True,5,0.15141974039032863,True,0.15000000000000002,0.0,20,40,80,100,300,600,1200,1500,3250,1805,1205,245,305,0.312987012987013,0.08153078202995008,0.20333333333333334,7
parameter-search-v2,profile_0039,"{""cumulative"":{""cumulative_a"":{""cap"":10,""increase"":5,""start"":0},""cumulative_b"":{""cap"":10,""increase"":5,""start"":10}},""group_bonuses"":{""fives"":45,""trio_a"":30,""trio_b"":25},""infinite_scroll"":{""increase"":3,""start"":5},""is_duration_name"":""short"",""is_duration_probabilities"":{""4"":0.4,""5"":0.3,""6"":0.2,""7"":0.1},""is_start_probability"":0.05,""non_is_weights"":{""cumulative_a"":0.1,""cumulative_b"":0.15,""fives"":0.1,""simple_a"":0.15,""simple_b"":0.2,""trio_a"":0.1,""trio_b"":0.2},""profile_id"":""profile_0039"",""simple_tasks"":{""simple_a"":[{""points"":5,""probability"":0.3},{""points"":10,""probability"":0.5},{""points"":15,""probability"":0.2}],""simple_b"":[{""points"":5,""probability"":0.45},{""points"":10,""probability"":0.4},{""points"":15,""probability"":0.15}]}}",600,20,7.9337190121721575,10.0,1.2604429252734677,259.21666666666664,132.84333333333333,126.37333333333333,0.6482511431624239,125.10276109273498,0.9512960128472135,0.14987902777777778,False,True,True,True,False,planning-policy diagnostic; not an optimality proof,"{""cumulative_a"": 0.45443592355357065, ""cumulative_b"": 0.6058556639438992, ""fives"": 0.45443592355357065, ""simple_a"": 0.6058556639438992, ""simple_b"": 0.7124904507257448, ""trio_a"": 0.45443592355357065, ""trio_b"": 0.7124904507257449}","{""cumulative_a"": 0.3246049701932055, ""cumulative_b"": 0.4538703943115708, ""fives"": 0.3246049701932055, ""simple_a"": 0.4538703943115708, ""simple_b"": 0.559222150398621, ""trio_a"": 0.3246049701932055, ""trio_b"": 0.559222150398621}",True,True,5,0.25805452717217425,True,10,0.15141974039032857,True,0.15000000000000002,0.10663478678184557,20,40,80,100,300,600,1200,1500,3250,1805,1205,245,305,0.312987012987013,0.08153078202995008,0.20333333333333334,8
parameter-search-v2,profile_0042,"{""cumulative"":{""cumulative_a"":{""cap"":10,""increase"":5,""start"":10},""cumulative_b"":{""cap"":10,""increase"":5,""start"":10}},""group_bonuses"":{""fives"":45,""trio_a"":30,""trio_b"":30},""infinite_scroll"":{""increase"":3,""start"":5},""is_duration_name"":""uniform"",""is_duration_probabilities"":{""4"":0.25,""5"":0.25,""6"":0.25,""7"":0.25},""is_start_probability"":0.05,""non_is_weights"":{""cumulative_a"":0.2,""cumulative_b"":0.1,""fives"":0.1,""simple_a"":0.15,""simple_b"":0.2,""trio_a"":0.1,""trio_b"":0.15},""profile_id"":""profile_0042"",""simple_tasks"":{""simple_a"":[{""points"":5,""probability"":0.3},{""points"":10,""probability"":0.5},{""points"":15,""probability"":0.2}],""simple_b"":[{""points"":5,""probability"":0.45},{""points"":10,""probability"":0.4},{""points"":15,""probability"":0.15}]}}",600,20,7.9273494219716785,10.0,1.2614556855893977,248.31666666666666,148.68041666666667,99.63625,0.733255008709602,98.19907018292919,0.6701370108706314,0.17449875,False,True,True,True,False,planning-policy diagnostic; not an optimality proof,"{""cumulative_a"": 0.7124904507257449, ""cumulative_b"": 0.45443592355357065, ""fives"": 0.45443592355357065, ""simple_a"": 0.6058556639438992, ""simple_b"": 0.7124904507257448, ""trio_a"": 0.4544359235535706, ""trio_b"": 0.6058556639438992}","{""cumulative_a"": 0.559222150398621, ""cumulative_b"": 0.3246049701932055, ""fives"": 0.3246049701932055, ""simple_a"": 0.4538703943115708, ""simple_b"": 0.559222150398621, ""trio_a"": 0.3246049701932055, ""trio_b"": 0.4538703943115708}",True,True,0,0.15141974039032863,True,0,0.25805452717217425,True,0.15000000000000002,0.10663478678184557,20,40,80,100,300,600,1200,1500,3250,1805,1205,245,305,0.312987012987013,0.08153078202995008,0.20333333333333334,9
parameter-search-v2,profile_0028,"{""cumulative"":{""cumulative_a"":{""cap"":10,""increase"":5,""start"":0},""cumulative_b"":{""cap"":10,""increase"":5,""start"":10}},""group_bonuses"":{""fives"":45,""trio_a"":30,""trio_b"":25},""infinite_scroll"":{""increase"":3,""start"":5},""is_duration_name"":""uniform"",""is_duration_probabilities"":{""4"":0.25,""5"":0.25,""6"":0.25,""7"":0.25},""is_start_probability"":0.1,""non_is_weights"":{""cumulative_a"":0.15,""cumulative_b"":0.2,""fives"":0.1,""simple_a"":0.15,""simple_b"":0.15,""trio_a"":0.1,""trio_b"":0.15},""profile_id"":""profile_0028"",""simple_tasks"":{""simple_a"":[{""points"":5,""probability"":0.3},{""points"":10,""probability"":0.5},{""points"":15,""probability"":0.2}],""simple_b"":[{""points"":5,""probability"":0.45},{""points"":10,""probability"":0.4},{""points"":15,""probability"":0.15}]}}",600,20,7.902459786881286,10.0,1.2654287740382808,249.34166666666667,130.68166666666667,118.66,0.6433575889044059,117.39901912574736,0.9080080092846484,0.14795250000000001,False,True,True,True,False,planning-policy diagnostic; not an optimality proof,"{""cumulative_a"": 0.5991603984251043, ""cumulative_b"": 0.7061830326536208, ""fives"": 0.4485876868229809, ""simple_a"": 0.5991603984251043, ""simple_b"": 0.5991603984251043, ""trio_a"": 0.44858768682298095, ""trio_b"": 0.5991603984251043}","{""cumulative_a"": 0.45025587157940095, ""cumulative_b"": 0.5551353874883287, ""fives"": 0.3219205630970337, ""simple_a"": 0.450255871579401, ""simple_b"": 0.450255871579401, ""trio_a"": 0.3219205630970337, ""trio_b"": 0.45025587157940095}",True,True,5,0.15057271160212332,True,10,0.10702263422851654,True,0.15000000000000002,0.0,20,40,80,100,300,600,1200,1500,3250,1805,1205,245,305,0.312987012987013,0.08153078202995008,0.20333333333333334,10
parameter-search-v2,profile_0032,"{""cumulative"":{""cumulative_a"":{""cap"":10,""increase"":5,""start"":10},""cumulative_b"":{""cap"":10,""increase"":5,""start"":0}},""group_bonuses"":{""fives"":45,""trio_a"":25,""trio_b"":30},""infinite_scroll"":{""increase"":3,""start"":5},""is_duration_name"":""short"",""is_duration_probabilities"":{""4"":0.4,""5"":0.3,""6"":0.2,""7"":0.1},""is_start_probability"":0.05,""non_is_weights"":{""cumulative_a"":0.15,""cumulative_b"":0.1,""fives"":0.15,""simple_a"":0.25,""simple_b"":0.15,""trio_a"":0.1,""trio_b"":0.1},""profile_id"":""profile_0032"",""simple_tasks"":{""simple_a"":[{""points"":5,""probability"":0.3},{""points"":10,""probability"":0.5},{""points"":15,""probability"":0.2}],""simple_b"":[{""points"":5,""probability"":0.45},{""points"":10,""probability"":0.4},{""points"":15,""probability"":0.15}]}}",600,20,7.847907287244537,10.0,1.2742250429300217,265.93333333333334,133.21375,132.71958333333333,0.634534141323241,131.4758964163398,0.996290422973104,0.13999916666666667,False,True,True,True,False,planning-policy diagnostic; not an optimality proof,"{""cumulative_a"": 0.6107830894595601, ""cumulative_b"": 0.4590306752071458, ""fives"": 0.6107830894595601, ""simple_a"": 0.7905587059998824, ""simple_b"": 0.6107830894595601, ""trio_a"": 0.4590306752071458, ""trio_b"": 0.4590306752071458}","{""cumulative_a"": 0.45732870071105364, ""cumulative_b"": 0.3272768081591611, ""fives"": 0.45732870071105364, ""simple_a"": 0.6461834733893558, ""simple_b"": 0.45732870071105364, ""trio_a"": 0.3272768081591611, ""trio_b"": 0.3272768081591611}",True,True,5,0.0,True,10,0.15175241425241426,True,0.15000000000000002,0.18885477267830214,20,40,80,100,300,600,1200,1500,3250,1805,1205,245,305,0.312987012987013,0.08153078202995008,0.20333333333333334,11
parameter-search-v2,profile_0067,"{""cumulative"":{""cumulative_a"":{""cap"":10,""increase"":5,""start"":10},""cumulative_b"":{""cap"":10,""increase"":5,""start"":10}},""group_bonuses"":{""fives"":45,""trio_a"":25,""trio_b"":25},""infinite_scroll"":{""increase"":3,""start"":5},""is_duration_name"":""uniform"",""is_duration_probabilities"":{""4"":0.25,""5"":0.25,""6"":0.25,""7"":0.25},""is_start_probability"":0.05,""non_is_weights"":{""cumulative_a"":0.1,""cumulative_b"":0.15,""fives"":0.15,""simple_a"":0.15,""simple_b"":0.2,""trio_a"":0.15,""trio_b"":0.1},""profile_id"":""profile_0067"",""simple_tasks"":{""simple_a"":[{""points"":5,""probability"":0.3},{""points"":10,""probability"":0.5},{""points"":15,""probability"":0.2}],""simple_b"":[{""points"":5,""probability"":0.45},{""points"":10,""probability"":0.4},{""points"":15,""probability"":0.15}]}}",600,20,7.830750748589333,10.0,1.2770167664705003,267.475,141.37041666666667,126.10458333333334,0.5687246784393837,124.98988296359215,0.8920153615354461,0.15110125000000002,False,True,True,True,False,planning-policy diagnostic; not an optimality proof,"{""cumulative_a"": 0.44858768682298095, ""cumulative_b"": 0.5991603984251043, ""fives"": 0.5991603984251043, ""simple_a"": 0.5991603984251043, ""simple_b"": 0.7061830326536208, ""trio_a"": 0.5991603984251043, ""trio_b"": 0.44858768682298095}","{""cumulative_a"": 0.3219205630970337, ""cumulative_b"": 0.45025587157940095, ""fives"": 0.45025587157940095, ""simple_a"": 0.45025587157940095, ""simple_b"": 0.5551353874883287, ""trio_a"": 0.45025587157940095, ""trio_b"": 0.3219205630970337}",True,True,0,0.15057271160212332,True,0,0.15057271160212332,True,0.15000000000000002,0.10702263422851654,20,40,80,100,300,600,1200,1500,3250,1805,1205,245,305,0.312987012987013,0.08153078202995008,0.20333333333333334,12
parameter-search-v2,profile_0035,"{""cumulative"":{""cumulative_a"":{""cap"":10,""increase"":5,""start"":0},""cumulative_b"":{""cap"":10,""increase"":10,""start"":5}},""group_bonuses"":{""fives"":40,""trio_a"":25,""trio_b"":30},""infinite_scroll"":{""increase"":3,""start"":5},""is_duration_name"":""uniform"",""is_duration_probabilities"":{""4"":0.25,""5"":0.25,""6"":0.25,""7"":0.25},""is_start_probability"":0.1,""non_is_weights"":{""cumulative_a"":0.2,""cumulative_b"":0.1,""fives"":0.15,""simple_a"":0.2,""simple_b"":0.15,""trio_a"":0.1,""trio_b"":0.1},""profile_id"":""profile_0035"",""simple_tasks"":{""simple_a"":[{""points"":5,""probability"":0.3},{""points"":10,""probability"":0.5},{""points"":15,""probability"":0.2}],""simple_b"":[{""points"":5,""probability"":0.45},{""points"":10,""probability"":0.4},{""points"":15,""probability"":0.15}]}}",600,20,7.2740496200189515,9.485560112098643,1.3040274135597565,258.23333333333335,123.56041666666667,134.67291666666668,0.61941915095824,133.45885513078852,1.0899357601713062,0.12366583333333334,False,True,True,True,False,planning-policy diagnostic; not an optimality proof,"{""cumulative_a"": 0.7124904507257448, ""cumulative_b"": 0.45443592355357065, ""fives"": 0.6058556639438991, ""simple_a"": 0.7124904507257448, ""simple_b"": 0.6058556639438992, ""trio_a"": 0.4544359235535706, ""trio_b"": 0.4544359235535706}","{""cumulative_a"": 0.559222150398621, ""cumulative_b"": 0.3246049701932055, ""fives"": 0.4538703943115708, ""simple_a"": 0.559222150398621, ""simple_b"": 0.4538703943115708, ""trio_a"": 0.3246049701932055, ""trio_b"": 0.3246049701932055}",True,True,5,0.0,True,5,0.25805452717217414,True,0.15000000000000002,0.10663478678184557,20,40,80,100,300,600,1200,1500,3250,1805,1205,245,305,0.312987012987013,0.08153078202995008,0.20333333333333334,13
parameter-search-v2,profile_0016,"{""cumulative"":{""cumulative_a"":{""cap"":10,""increase"":10,""start"":5},""cumulative_b"":{""cap"":10,""increase"":5,""start"":0}},""group_bonuses"":{""fives"":45,""trio_a"":25,""trio_b"":25},""infinite_scroll"":{""increase"":4,""start"":2},""is_duration_name"":""long"",""is_duration_probabilities"":{""4"":0.1,""5"":0.2,""6"":0.3,""7"":0.4},""is_start_probability"":0.05,""non_is_weights"":{""cumulative_a"":0.1,""cumulative_b"":0.1,""fives"":0.1,""simple_a"":0.15,""simple_b"":0.25,""trio_a"":0.2,""trio_b"":0.1},""profile_id"":""profile_0016"",""simple_tasks"":{""simple_a"":[{""points"":5,""probability"":0.3},{""points"":10,""probability"":0.5},{""points"":15,""probability"":0.2}],""simple_b"":[{""points"":5,""probability"":0.45},{""points"":10,""probability"":0.4},{""points"":15,""probability"":0.15}]}}",600,20,7.171619815725682,9.477171790623474,1.321482738089693,272.34166666666664,121.73541666666667,150.60625,0.5680232029639753,149.4929245221906,1.2371605086167061,0.0924461111111111,False,True,False,True,False,planning-policy diagnostic; not an optimality proof,"{""cumulative_a"": 0.46553103758986114, ""cumulative_b"": 0.46553103758986114, ""fives"": 0.46553103758986114, ""simple_a"": 0.617998667998668, ""simple_b"": 0.7962576639047227, ""trio_a"": 0.7236195177371648, ""trio_b"": 0.46553103758986114}","{""cumulative_a"": 0.33018599048010816, ""cumulative_b"": 0.33018599048010816, ""fives"": 0.33018599048010816, ""simple_a"": 0.4612803862803862, ""simple_b"": 0.650605113840408, ""trio_a"": 0.5673705379587733, ""trio_b"": 0.33018599048010816}",True,True,0,0.2580884801473037,True,5,0.0,True,0.15000000000000002,0.18932472756002178,20,40,80,100,300,600,1200,1500,3250,1805,1205,245,305,0.312987012987013,0.08153078202995008,0.20333333333333334,14
parameter-search-v2,profile_0063,"{""cumulative"":{""cumulative_a"":{""cap"":10,""increase"":5,""start"":5},""cumulative_b"":{""cap"":10,""increase"":10,""start"":5}},""group_bonuses"":{""fives"":45,""trio_a"":30,""trio_b"":25},""infinite_scroll"":{""increase"":3,""start"":5},""is_duration_name"":""short"",""is_duration_probabilities"":{""4"":0.4,""5"":0.3,""6"":0.2,""7"":0.1},""is_start_probability"":0.05,""non_is_weights"":{""cumulative_a"":0.15,""cumulative_b"":0.1,""fives"":0.05,""simple_a"":0.2,""simple_b"":0.2,""trio_a"":0.1,""trio_b"":0.2},""profile_id"":""profile_0063"",""simple_tasks"":{""simple_a"":[{""points"":5,""probability"":0.3},{""points"":10,""probability"":0.5},{""points"":15,""probability"":0.2}],""simple_b"":[{""points"":5,""probability"":0.45},{""points"":10,""probability"":0.4},{""points"":15,""probability"":0.15}]}}",600,20,7.1734990826427865,9.482704259987816,1.3219077817870573,265.775,142.88791666666665,122.88708333333334,0.6687870510351239,121.57626071330449,0.8600243197611183,0.11706652777777776,False,True,True,True,False,planning-policy diagnostic; not an optimality proof,"{""cumulative_a"": 0.6216992372952125, ""cumulative_b"": 0.4678284821473676, ""fives"": 0.25979682082623257, ""simple_a"": 0.7276156591946066, ""simple_b"": 0.7276156591946066, ""trio_a"": 0.4678284821473676, ""trio_b"": 0.7276156591946066}","{""cumulative_a"": 0.46124318148311955, ""cumulative_b"": 0.3300049709492434, ""fives"": 0.17543543058248942, ""simple_a"": 0.5677704820119681, ""simple_b"": 0.5677704820119681, ""trio_a"": 0.3300049709492434, ""trio_b"": 0.5677704820119681}",True,True,5,0.25978717704723897,True,0,0.15387075514784487,True,0.15000000000000002,0.0,20,40,80,100,300,600,1200,1500,3250,1805,1205,245,305,0.312987012987013,0.08153078202995008,0.20333333333333334,15
parameter-search-v2,profile_0015,"{""cumulative"":{""cumulative_a"":{""cap"":10,""increase"":5,""start"":5},""cumulative_b"":{""cap"":10,""increase"":5,""start"":0}},""group_bonuses"":{""fives"":45,""trio_a"":30,""trio_b"":25},""infinite_scroll"":{""increase"":4,""start"":2},""is_duration_name"":""long"",""is_duration_probabilities"":{""4"":0.1,""5"":0.2,""6"":0.3,""7"":0.4},""is_start_probability"":0.05,""non_is_weights"":{""cumulative_a"":0.1,""cumulative_b"":0.1,""fives"":0.1,""simple_a"":0.25,""simple_b"":0.15,""trio_a"":0.1,""trio_b"":0.2},""profile_id"":""profile_0015"",""simple_tasks"":{""simple_a"":[{""points"":5,""probability"":0.3},{""points"":10,""probability"":0.5},{""points"":15,""probability"":0.2}],""simple_b"":[{""points"":5,""probability"":0.45},{""points"":10,""probability"":0.4},{""points"":15,""probability"":0.15}]}}",600,20,7.1615272934173415,9.512230057646581,1.3282404252497837,268.0833333333333,125.64083333333333,142.4425,0.6804000207454318,141.10891595933896,1.1337277557057486,0.12134319444444444,False,True,True,True,False,planning-policy diagnostic; not an optimality proof,"{""cumulative_a"": 0.46553103758986114, ""cumulative_b"": 0.46553103758986114, ""fives"": 0.46553103758986114, ""simple_a"": 0.7962576639047227, ""simple_b"": 0.6179986679986681, ""trio_a"": 0.46553103758986114, ""trio_b"": 0.7236195177371648}","{""cumulative_a"": 0.33018599048010816, ""cumulative_b"": 0.33018599048010816, ""fives"": 0.33018599048010816, ""simple_a"": 0.650605113840408, ""simple_b"": 0.46128038628038626, ""trio_a"": 0.33018599048010816, ""trio_b"": 0.5673705379587733}",True,True,5,0.2580884801473037,True,5,0.0,True,0.15000000000000002,0.18932472756002172,20,40,80,100,300,600,1200,1500,3250,1805,1205,245,305,0.312987012987013,0.08153078202995008,0.20333333333333334,16
parameter-search-v2,profile_0041,"{""cumulative"":{""cumulative_a"":{""cap"":10,""increase"":10,""start"":5},""cumulative_b"":{""cap"":10,""increase"":5,""start"":5}},""group_bonuses"":{""fives"":45,""trio_a"":25,""trio_b"":30},""infinite_scroll"":{""increase"":4,""start"":2},""is_duration_name"":""long"",""is_duration_probabilities"":{""4"":0.1,""5"":0.2,""6"":0.3,""7"":0.4},""is_start_probability"":0.1,""non_is_weights"":{""cumulative_a"":0.15,""cumulative_b"":0.1,""fives"":0.1,""simple_a"":0.2,""simple_b"":0.15,""trio_a"":0.15,""trio_b"":0.15},""profile_id"":""profile_0041"",""simple_tasks"":{""simple_a"":[{""points"":5,""probability"":0.3},{""points"":10,""probability"":0.5},{""points"":15,""probability"":0.2}],""simple_b"":[{""points"":5,""probability"":0.45},{""points"":10,""probability"":0.4},{""points"":15,""probability"":0.15}]}}",600,20,7.160874588980336,9.543949959854135,1.3327911055084032,258.075,128.7725,129.3025,0.6871600869623316,127.95566622955384,1.0041157855908676,0.12382777777777777,False,True,True,True,False,planning-policy diagnostic; not an optimality proof,"{""cumulative_a"": 0.5991603984251043, ""cumulative_b"": 0.4485876868229809, ""fives"": 0.44858768682298095, ""simple_a"": 0.7061830326536208, ""simple_b"": 0.5991603984251043, ""trio_a"": 0.5991603984251043, ""trio_b"": 0.5991603984251043}","{""cumulative_a"": 0.45025587157940095, ""cumulative_b"": 0.3219205630970337, ""fives"": 0.3219205630970337, ""simple_a"": 0.5551353874883287, ""simple_b"": 0.45025587157940095, ""trio_a"": 0.45025587157940095, ""trio_b"": 0.45025587157940095}",True,True,5,0.0,True,0,0.15057271160212338,True,0.15000000000000002,0.10702263422851654,20,40,80,100,300,600,1200,1500,3250,1805,1205,245,305,0.312987012987013,0.08153078202995008,0.20333333333333334,17
parameter-search-v2,profile_0047,"{""cumulative"":{""cumulative_a"":{""cap"":10,""increase"":10,""start"":5},""cumulative_b"":{""cap"":10,""increase"":10,""start"":5}},""group_bonuses"":{""fives"":45,""trio_a"":25,""trio_b"":30},""infinite_scroll"":{""increase"":3,""start"":5},""is_duration_name"":""uniform"",""is_duration_probabilities"":{""4"":0.25,""5"":0.25,""6"":0.25,""7"":0.25},""is_start_probability"":0.1,""non_is_weights"":{""cumulative_a"":0.1,""cumulative_b"":0.15,""fives"":0.05,""simple_a"":0.3,""simple_b"":0.2,""trio_a"":0.1,""trio_b"":0.1},""profile_id"":""profile_0047"",""simple_tasks"":{""simple_a"":[{""points"":5,""probability"":0.3},{""points"":10,""probability"":0.5},{""points"":15,""probability"":0.2}],""simple_b"":[{""points"":5,""probability"":0.45},{""points"":10,""probability"":0.4},{""points"":15,""probability"":0.15}]}}",600,20,7.103383842599024,9.47560254233193,1.3339561471402828,271.78333333333336,141.32791666666665,130.45541666666668,0.6308678247356426,129.21891573018482,0.9230689855448471,0.12126777777777778,False,True,True,True,False,planning-policy diagnostic; not an optimality proof,"{""cumulative_a"": 0.48995390574337944, ""cumulative_b"": 0.6445768498787074, ""fives"": 0.2737745098039216, ""simple_a"": 0.8640351908153766, ""simple_b"": 0.7477517322718561, ""trio_a"": 0.48995390574337944, ""trio_b"": 0.48995390574337944}","{""cumulative_a"": 0.34189389901464207, ""cumulative_b"": 0.47681633382097777, ""fives"": 0.18194281208987093, ""simple_a"": 0.7311536760453169, ""simple_b"": 0.5844054809999083, ""trio_a"": 0.34189389901464207, ""trio_b"": 0.34189389901464207}",True,True,5,0.0,True,0,0.154622944135328,True,0.15000000000000002,0.1467481950454086,20,40,80,100,300,600,1200,1500,3250,1805,1205,245,305,0.312987012987013,0.08153078202995008,0.20333333333333334,18
parameter-search-v2,profile_0052,"{""cumulative"":{""cumulative_a"":{""cap"":10,""increase"":10,""start"":5},""cumulative_b"":{""cap"":10,""increase"":5,""start"":0}},""group_bonuses"":{""fives"":45,""trio_a"":30,""trio_b"":30},""infinite_scroll"":{""increase"":4,""start"":2},""is_duration_name"":""long"",""is_duration_probabilities"":{""4"":0.1,""5"":0.2,""6"":0.3,""7"":0.4},""is_start_probability"":0.1,""non_is_weights"":{""cumulative_a"":0.1,""cumulative_b"":0.1,""fives"":0.15,""simple_a"":0.15,""simple_b"":0.2,""trio_a"":0.1,""trio_b"":0.2},""profile_id"":""profile_0052"",""simple_tasks"":{""simple_a"":[{""points"":5,""probability"":0.3},{""points"":10,""probability"":0.5},{""points"":15,""probability"":0.2}],""simple_b"":[{""points"":5,""probability"":0.45},{""points"":10,""probability"":0.4},{""points"":15,""probability"":0.15}]}}",600,20,7.192375813464264,9.623075169073239,1.3379549982717338,246.4,120.92458333333333,125.47541666666666,0.7494267423265412,124.00654025170664,1.0376336490719078,0.14689,False,True,True,True,False,planning-policy diagnostic; not an optimality proof,"{""cumulative_a"": 0.45443592355357065, ""cumulative_b"": 0.45443592355357065, ""fives"": 0.6058556639438992, ""simple_a"": 0.6058556639438992, ""simple_b"": 0.7124904507257448, ""trio_a"": 0.45443592355357065, ""trio_b"": 0.7124904507257449}","{""cumulative_a"": 0.3246049701932055, ""cumulative_b"": 0.3246049701932055, ""fives"": 0.4538703943115708, ""simple_a"": 0.4538703943115708, ""simple_b"": 0.559222150398621, ""trio_a"": 0.3246049701932055, ""trio_b"": 0.559222150398621}",True,True,0,0.25805452717217425,True,5,0.0,True,0.15000000000000002,0.10663478678184557,20,40,80,100,300,600,1200,1500,3250,1805,1205,245,305,0.312987012987013,0.08153078202995008,0.20333333333333334,19
parameter-search-v2,profile_0012,"{""cumulative"":{""cumulative_a"":{""cap"":10,""increase"":10,""start"":5},""cumulative_b"":{""cap"":10,""increase"":10,""start"":5}},""group_bonuses"":{""fives"":45,""trio_a"":25,""trio_b"":30},""infinite_scroll"":{""increase"":3,""start"":5},""is_duration_name"":""long"",""is_duration_probabilities"":{""4"":0.1,""5"":0.2,""6"":0.3,""7"":0.4},""is_start_probability"":0.1,""non_is_weights"":{""cumulative_a"":0.2,""cumulative_b"":0.15,""fives"":0.05,""simple_a"":0.15,""simple_b"":0.25,""trio_a"":0.1,""trio_b"":0.1},""profile_id"":""profile_0012"",""simple_tasks"":{""simple_a"":[{""points"":5,""probability"":0.3},{""points"":10,""probability"":0.5},{""points"":15,""probability"":0.2}],""simple_b"":[{""points"":5,""probability"":0.45},{""points"":10,""probability"":0.4},{""points"":15,""probability"":0.15}]}}",600,20,7.100891000373773,9.509169783929854,1.3391516337075609,261.68333333333334,141.10208333333333,120.58125,0.6484839057973497,119.31022154463719,0.8545674674068715,0.12291402777777778,False,True,True,True,False,planning-policy diagnostic; not an optimality proof,"{""cumulative_a"": 0.7324373081339025, ""cumulative_b"": 0.6271469758311863, ""fives"": 0.26311262267144625, ""simple_a"": 0.6271469758311863, ""simple_b"": 0.8040053986261416, ""trio_a"": 0.47307535945306844, ""trio_b"": 0.47307535945306844}","{""cumulative_a"": 0.571832106661828, ""cumulative_b"": 0.4650386507197653, ""fives"": 0.1770210998152175, ""simple_a"": 0.4650386507197653, ""simple_b"": 0.6552663238034755, ""trio_a"": 0.3329015841399743, ""trio_b"": 0.3329015841399743}",True,True,5,0.0,True,0,0.10679345594206274,True,0.15000000000000002,0.1902276730837102,20,40,80,100,300,600,1200,1500,3250,1805,1205,245,305,0.312987012987013,0.08153078202995008,0.20333333333333334,20
parameter-search-v2,profile_0022,"{""cumulative"":{""cumulative_a"":{""cap"":10,""increase"":5,""start"":0},""cumulative_b"":{""cap"":10,""increase"":10,""start"":5}},""group_bonuses"":{""fives"":45,""trio_a"":25,""trio_b"":25},""infinite_scroll"":{""increase"":4,""start"":2},""is_duration_name"":""long"",""is_duration_probabilities"":{""4"":0.1,""5"":0.2,""6"":0.3,""7"":0.4},""is_start_probability"":0.05,""non_is_weights"":{""cumulative_a"":0.15,""cumulative_b"":0.15,""fives"":0.05,""simple_a"":0.15,""simple_b"":0.2,""trio_a"":0.2,""trio_b"":0.1},""profile_id"":""profile_0022"",""simple_tasks"":{""simple_a"":[{""points"":5,""probability"":0.3},{""points"":10,""probability"":0.5},{""points"":15,""probability"":0.2}],""simple_b"":[{""points"":5,""probability"":0.45},{""points"":10,""probability"":0.4},{""points"":15,""probability"":0.15}]}}",600,20,7.105685163030664,9.532266333717,1.3414985486989082,269.94166666666666,128.02291666666667,141.91875,0.5526523327529966,140.83555142780412,1.1085417649834826,0.08826625,False,True,False,True,False,planning-policy diagnostic; not an optimality proof,"{""cumulative_a"": 0.613983668550232, ""cumulative_b"": 0.613983668550232, ""fives"": 0.2558098763981117, ""simple_a"": 0.613983668550232, ""simple_b"": 0.7205583374314025, ""trio_a"": 0.7205583374314025, ""trio_b"": 0.4611224430883874}","{""cumulative_a"": 0.4573943342519194, ""cumulative_b"": 0.4573943342519194, ""fives"": 0.17391007685125334, ""simple_a"": 0.4573943342519194, ""simple_b"": 0.563371286436302, ""trio_a"": 0.563371286436302, ""trio_b"": 0.3271643475203847}",True,True,0,0.2594358943430151,True,5,0.0,True,0.15000000000000002,0.10657466888117051,20,40,80,100,300,600,1200,1500,3250,1805,1205,245,305,0.312987012987013,0.08153078202995008,0.20333333333333334,21
parameter-search-v2,profile_0001,"{""cumulative"":{""cumulative_a"":{""cap"":10,""increase"":5,""start"":0},""cumulative_b"":{""cap"":10,""increase"":10,""start"":5}},""group_bonuses"":{""fives"":40,""trio_a"":25,""trio_b"":30},""infinite_scroll"":{""increase"":3,""start"":5},""is_duration_name"":""short"",""is_duration_probabilities"":{""4"":0.4,""5"":0.3,""6"":0.2,""7"":0.1},""is_start_probability"":0.05,""non_is_weights"":{""cumulative_a"":0.1,""cumulative_b"":0.1,""fives"":0.1,""simple_a"":0.25,""simple_b"":0.2,""trio_a"":0.15,""trio_b"":0.1},""profile_id"":""profile_0001"",""simple_tasks"":{""simple_a"":[{""points"":5,""probability"":0.3},{""points"":10,""probability"":0.5},{""points"":15,""probability"":0.2}],""simple_b"":[{""points"":5,""probability"":0.45},{""points"":10,""probability"":0.4},{""points"":15,""probability"":0.15}]}}",600,20,7.089469473616944,9.510953893984452,1.3415607372849159,270.55833333333334,128.62666666666667,141.93166666666667,0.6470878825123411,140.66337441694247,1.103438892920079,0.12218333333333334,False,True,True,True,False,planning-policy diagnostic; not an optimality proof,"{""cumulative_a"": 0.46553103758986114, ""cumulative_b"": 0.46553103758986114, ""fives"": 0.46553103758986114, ""simple_a"": 0.7962576639047227, ""simple_b"": 0.7236195177371649, ""trio_a"": 0.617998667998668, ""trio_b"": 0.46553103758986114}","{""cumulative_a"": 0.33018599048010816, ""cumulative_b"": 0.33018599048010816, ""fives"": 0.33018599048010816, ""simple_a"": 0.650605113840408, ""simple_b"": 0.5673705379587733, ""trio_a"": 0.46128038628038626, ""trio_b"": 0.33018599048010816}",True,True,5,0.15246763040880684,True,5,0.0,True,0.15000000000000002,0.08323457588163463,20,40,80,100,300,600,1200,1500,3250,1805,1205,245,305,0.312987012987013,0.08153078202995008,0.20333333333333334,22
parameter-search-v2,profile_0078,"{""cumulative"":{""cumulative_a"":{""cap"":10,""increase"":10,""start"":5},""cumulative_b"":{""cap"":10,""increase"":5,""start"":5}},""group_bonuses"":{""fives"":45,""trio_a"":30,""trio_b"":30},""infinite_scroll"":{""increase"":3,""start"":5},""is_duration_name"":""long"",""is_duration_probabilities"":{""4"":0.1,""5"":0.2,""6"":0.3,""7"":0.4},""is_start_probability"":0.05,""non_is_weights"":{""cumulative_a"":0.2,""cumulative_b"":0.1,""fives"":0.05,""simple_a"":0.15,""simple_b"":0.25,""trio_a"":0.1,""trio_b"":0.15},""profile_id"":""profile_0078"",""simple_tasks"":{""simple_a"":[{""points"":5,""probability"":0.3},{""points"":10,""probability"":0.5},{""points"":15,""probability"":0.2}],""simple_b"":[{""points"":5,""probability"":0.45},{""points"":10,""probability"":0.4},{""points"":15,""probability"":0.15}]}}",600,20,7.13286173784269,9.583107511024561,1.3435151084146684,251.91666666666666,146.47916666666666,105.4375,0.6668160091143056,104.13054062213597,0.7198122599914664,0.14516652777777778,False,True,True,True,False,planning-policy diagnostic; not an optimality proof,"{""cumulative_a"": 0.7324373081339025, ""cumulative_b"": 0.47307535945306844, ""fives"": 0.2631126226714462, ""simple_a"": 0.6271469758311864, ""simple_b"": 0.8040053986261416, ""trio_a"": 0.47307535945306844, ""trio_b"": 0.6271469758311864}","{""cumulative_a"": 0.571832106661828, ""cumulative_b"": 0.3329015841399743, ""fives"": 0.1770210998152175, ""simple_a"": 0.4650386507197653, ""simple_b"": 0.6552663238034755, ""trio_a"": 0.3329015841399743, ""trio_b"": 0.4650386507197653}",True,True,0,0.15407161637811795,True,0,0.25936194868083406,True,0.15000000000000002,0.1902276730837102,20,40,80,100,300,600,1200,1500,3250,1805,1205,245,305,0.312987012987013,0.08153078202995008,0.20333333333333334,23
parameter-search-v2,profile_0027,"{""cumulative"":{""cumulative_a"":{""cap"":10,""increase"":10,""start"":5},""cumulative_b"":{""cap"":10,""increase"":5,""start"":0}},""group_bonuses"":{""fives"":45,""trio_a"":25,""trio_b"":25},""infinite_scroll"":{""increase"":3,""start"":5},""is_duration_name"":""uniform"",""is_duration_probabilities"":{""4"":0.25,""5"":0.25,""6"":0.25,""7"":0.25},""is_start_probability"":0.1,""non_is_weights"":{""cumulative_a"":0.1,""cumulative_b"":0.2,""fives"":0.05,""simple_a"":0.15,""simple_b"":0.2,""trio_a"":0.1,""trio_b"":0.2},""profile_id"":""profile_0027"",""simple_tasks"":{""simple_a"":[{""points"":5,""probability"":0.3},{""points"":10,""probability"":0.5},{""points"":15,""probability"":0.2}],""simple_b"":[{""points"":5,""probability"":0.45},{""points"":10,""probability"":0.4},{""points"":15,""probability"":0.15}]}}",600,20,7.042544562055534,9.490836786351723,1.34764312852024,270.39166666666665,129.33541666666667,141.05625,0.568135243228178,139.94270492327277,1.090623540213592,0.08932916666666667,False,True,False,True,False,planning-policy diagnostic; not an optimality proof,"{""cumulative_a"": 0.46782848214736766, ""cumulative_b"": 0.7276156591946066, ""fives"": 0.2597968208262326, ""simple_a"": 0.6216992372952125, ""simple_b"": 0.7276156591946066, ""trio_a"": 0.4678284821473676, ""trio_b"": 0.7276156591946066}","{""cumulative_a"": 0.3300049709492434, ""cumulative_b"": 0.5677704820119681, ""fives"": 0.17543543058248942, ""simple_a"": 0.46124318148311955, ""simple_b"": 0.5677704820119681, ""trio_a"": 0.3300049709492434, ""trio_b"": 0.5677704820119681}",True,True,0,0.25978717704723897,True,5,0.2597871770472389,True,0.15000000000000002,0.10652730052884857,20,40,80,100,300,600,1200,1500,3250,1805,1205,245,305,0.312987012987013,0.08153078202995008,0.20333333333333334,24
parameter-search-v2,profile_0010,"{""cumulative"":{""cumulative_a"":{""cap"":10,""increase"":5,""start"":0},""cumulative_b"":{""cap"":10,""increase"":10,""start"":5}},""group_bonuses"":{""fives"":45,""trio_a"":30,""trio_b"":25},""infinite_scroll"":{""increase"":4,""start"":2},""is_duration_name"":""long"",""is_duration_probabilities"":{""4"":0.1,""5"":0.2,""6"":0.3,""7"":0.4},""is_start_probability"":0.05,""non_is_weights"":{""cumulative_a"":0.15,""cumulative_b"":0.15,""fives"":0.05,""simple_a"":0.15,""simple_b"":0.15,""trio_a"":0.15,""trio_b"":0.2},""profile_id"":""profile_0010"",""simple_tasks"":{""simple_a"":[{""points"":5,""probability"":0.3},{""points"":10,""probability"":0.5},{""points"":15,""probability"":0.2}],""simple_b"":[{""points"":5,""probability"":0.45},{""points"":10,""probability"":0.4},{""points"":15,""probability"":0.15}]}}",600,20,7.086141586339098,9.557999124794758,1.3488298262655365,255.45,131.195,124.255,0.6586634985639994,122.96401954281455,0.9471016425930866,0.12519527777777778,False,True,True,True,False,planning-policy diagnostic; not an optimality proof,"{""cumulative_a"": 0.6068133878505396, ""cumulative_b"": 0.6068133878505396, ""fives"": 0.2520934947405536, ""simple_a"": 0.6068133878505396, ""simple_b"": 0.6068133878505396, ""trio_a"": 0.6068133878505396, ""trio_b"": 0.7138395660067488}","{""cumulative_a"": 0.4536828496580818, ""cumulative_b"": 0.4536828496580818, ""fives"": 0.17243051066580478, ""simple_a"": 0.4536828496580818, ""simple_b"": 0.4536828496580818, ""trio_a"": 0.4536828496580818, ""trio_b"": 0.5591552410437859}",True,True,5,0.10702617815620918,True,5,0.0,True,0.15000000000000002,0.0,20,40,80,100,300,600,1200,1500,3250,1805,1205,245,305,0.312987012987013,0.08153078202995008,0.20333333333333334,25
parameter-search-v2,profile_0020,"{""cumulative"":{""cumulative_a"":{""cap"":10,""increase"":5,""start"":0},""cumulative_b"":{""cap"":10,""increase"":10,""start"":5}},""group_bonuses"":{""fives"":40,""trio_a"":30,""trio_b"":25},""infinite_scroll"":{""increase"":3,""start"":5},""is_duration_name"":""uniform"",""is_duration_probabilities"":{""4"":0.25,""5"":0.25,""6"":0.25,""7"":0.25},""is_start_probability"":0.1,""non_is_weights"":{""cumulative_a"":0.1,""cumulative_b"":0.2,""fives"":0.1,""simple_a"":0.15,""simple_b"":0.25,""trio_a"":0.1,""trio_b"":0.1},""profile_id"":""profile_0020"",""simple_tasks"":{""simple_a"":[{""points"":5,""probability"":0.3},{""points"":10,""probability"":0.5},{""points"":15,""probability"":0.2}],""simple_b"":[{""points"":5,""probability"":0.45},{""points"":10,""probability"":0.4},{""points"":15,""probability"":0.15}]}}",600,20,7.041965308286535,9.509716384769083,1.350434994841377,260.1666666666667,126.8575,133.30916666666667,0.6542491450119294,132.02683834244328,1.050857589552582,0.12954208333333334,False,True,True,True,False,planning-policy diagnostic; not an optimality proof,"{""cumulative_a"": 0.46553103758986114, ""cumulative_b"": 0.7236195177371648, ""fives"": 0.46553103758986114, ""simple_a"": 0.617998667998668, ""simple_b"": 0.7962576639047226, ""trio_a"": 0.46553103758986114, ""trio_b"": 0.46553103758986114}","{""cumulative_a"": 0.33018599048010816, ""cumulative_b"": 0.5673705379587733, ""fives"": 0.33018599048010816, ""simple_a"": 0.4612803862803862, ""simple_b"": 0.650605113840408, ""trio_a"": 0.33018599048010816, ""trio_b"": 0.33018599048010816}",True,True,5,0.0,True,5,0.2580884801473037,True,0.15000000000000002,0.18932472756002178,20,40,80,100,300,600,1200,1500,3250,1805,1205,245,305,0.312987012987013,0.08153078202995008,0.20333333333333334,26
parameter-search-v2,profile_0037,"{""cumulative"":{""cumulative_a"":{""cap"":10,""increase"":5,""start"":5},""cumulative_b"":{""cap"":10,""increase"":10,""start"":5}},""group_bonuses"":{""fives"":40,""trio_a"":25,""trio_b"":30},""infinite_scroll"":{""increase"":3,""start"":5},""is_duration_name"":""long"",""is_duration_probabilities"":{""4"":0.1,""5"":0.2,""6"":0.3,""7"":0.4},""is_start_probability"":0.1,""non_is_weights"":{""cumulative_a"":0.1,""cumulative_b"":0.15,""fives"":0.1,""simple_a"":0.25,""simple_b"":0.15,""trio_a"":0.15,""trio_b"":0.1},""profile_id"":""profile_0037"",""simple_tasks"":{""simple_a"":[{""points"":5,""probability"":0.3},{""points"":10,""probability"":0.5},{""points"":15,""probability"":0.2}],""simple_b"":[{""points"":5,""probability"":0.45},{""points"":10,""probability"":0.4},{""points"":15,""probability"":0.15}]}}",600,20,7.026636648130084,9.508071225425931,1.3531468469991548,261.675,134.60166666666666,127.07333333333334,0.6176426123470627,125.8627538131331,0.9440695385148773,0.11503694444444444,False,True,True,True,False,planning-policy diagnostic; not an optimality proof,"{""cumulative_a"": 0.4590306752071458, ""cumulative_b"": 0.6107830894595601, ""fives"": 0.4590306752071458, ""simple_a"": 0.7905587059998824, ""simple_b"": 0.6107830894595601, ""trio_a"": 0.6107830894595601, ""trio_b"": 0.4590306752071458}","{""cumulative_a"": 0.3272768081591611, ""cumulative_b"": 0.45732870071105364, ""fives"": 0.3272768081591611, ""simple_a"": 0.6461834733893558, ""simple_b"": 0.45732870071105364, ""trio_a"": 0.45732870071105364, ""trio_b"": 0.3272768081591611}",True,True,5,0.15175241425241426,True,0,0.15175241425241426,True,0.15000000000000002,0.18885477267830214,20,40,80,100,300,600,1200,1500,3250,1805,1205,245,305,0.312987012987013,0.08153078202995008,0.20333333333333334,27
parameter-search-v2,profile_0060,"{""cumulative"":{""cumulative_a"":{""cap"":10,""increase"":5,""start"":0},""cumulative_b"":{""cap"":10,""increase"":5,""start"":5}},""group_bonuses"":{""fives"":45,""trio_a"":30,""trio_b"":30},""infinite_scroll"":{""increase"":4,""start"":2},""is_duration_name"":""long"",""is_duration_probabilities"":{""4"":0.1,""5"":0.2,""6"":0.3,""7"":0.4},""is_start_probability"":0.1,""non_is_weights"":{""cumulative_a"":0.15,""cumulative_b"":0.1,""fives"":0.05,""simple_a"":0.15,""simple_b"":0.25,""trio_a"":0.2,""trio_b"":0.1},""profile_id"":""profile_0060"",""simple_tasks"":{""simple_a"":[{""points"":5,""probability"":0.3},{""points"":10,""probability"":0.5},{""points"":15,""probability"":0.2}],""simple_b"":[{""points"":5,""probability"":0.45},{""points"":10,""probability"":0.4},{""points"":15,""probability"":0.15}]}}",600,20,7.0944380317019595,9.620917652884238,1.3561211768842774,254.475,128.83875,125.63625,0.7972710551620927,124.0735987318823,0.9751433477893879,0.14538833333333334,False,True,True,True,False,planning-policy diagnostic; not an optimality proof,"{""cumulative_a"": 0.6271469758311864, ""cumulative_b"": 0.47307535945306844, ""fives"": 0.26311262267144625, ""simple_a"": 0.6271469758311864, ""simple_b"": 0.8040053986261416, ""trio_a"": 0.7324373081339025, ""trio_b"": 0.47307535945306844}","{""cumulative_a"": 0.4650386507197653, ""cumulative_b"": 0.3329015841399743, ""fives"": 0.1770210998152175, ""simple_a"": 0.4650386507197653, ""simple_b"": 0.6552663238034755, ""trio_a"": 0.571832106661828, ""trio_b"": 0.3329015841399743}",True,True,0,0.25936194868083406,True,5,0.15407161637811795,True,0.15000000000000002,0.1902276730837102,20,40,80,100,300,600,1200,1500,3250,1805,1205,245,305,0.312987012987013,0.08153078202995008,0.20333333333333334,28
parameter-search-v2,profile_0056,"{""cumulative"":{""cumulative_a"":{""cap"":10,""increase"":10,""start"":5},""cumulative_b"":{""cap"":10,""increase"":10,""start"":5}},""group_bonuses"":{""fives"":45,""trio_a"":25,""trio_b"":30},""infinite_scroll"":{""increase"":3,""start"":5},""is_duration_name"":""long"",""is_duration_probabilities"":{""4"":0.1,""5"":0.2,""6"":0.3,""7"":0.4},""is_start_probability"":0.1,""non_is_weights"":{""cumulative_a"":0.15,""cumulative_b"":0.1,""fives"":0.05,""simple_a"":0.25,""simple_b"":0.2,""trio_a"":0.1,""trio_b"":0.15},""profile_id"":""profile_0056"",""simple_tasks"":{""simple_a"":[{""points"":5,""probability"":0.3},{""points"":10,""probability"":0.5},{""points"":15,""probability"":0.2}],""simple_b"":[{""points"":5,""probability"":0.45},{""points"":10,""probability"":0.4},{""points"":15,""probability"":0.15}]}}",600,20,7.047088520322495,9.565713848434429,1.3573994169150403,272.10833333333335,141.91958333333332,130.18875,0.7091724282615616,128.79877204060733,0.9173416870469486,0.12838819444444444,False,True,True,True,False,planning-policy diagnostic; not an optimality proof,"{""cumulative_a"": 0.6271469758311864, ""cumulative_b"": 0.47307535945306844, ""fives"": 0.26311262267144625, ""simple_a"": 0.8040053986261417, ""simple_b"": 0.7324373081339026, ""trio_a"": 0.47307535945306844, ""trio_b"": 0.6271469758311864}","{""cumulative_a"": 0.4650386507197653, ""cumulative_b"": 0.3329015841399743, ""fives"": 0.1770210998152175, ""simple_a"": 0.6552663238034756, ""simple_b"": 0.5718321066618282, ""trio_a"": 0.3329015841399743, ""trio_b"": 0.4650386507197653}",True,True,5,0.15407161637811795,True,0,0.15407161637811795,True,0.15000000000000002,0.08343421714164745,20,40,80,100,300,600,1200,1500,3250,1805,1205,245,305,0.312987012987013,0.08153078202995008,0.20333333333333334,29
parameter-search-v2,profile_0070,"{""cumulative"":{""cumulative_a"":{""cap"":10,""increase"":5,""start"":5},""cumulative_b"":{""cap"":10,""increase"":5,""start"":0}},""group_bonuses"":{""fives"":40,""trio_a"":30,""trio_b"":30},""infinite_scroll"":{""increase"":3,""start"":5},""is_duration_name"":""long"",""is_duration_probabilities"":{""4"":0.1,""5"":0.2,""6"":0.3,""7"":0.4},""is_start_probability"":0.05,""non_is_weights"":{""cumulative_a"":0.15,""cumulative_b"":0.1,""fives"":0.1,""simple_a"":0.2,""simple_b"":0.2,""trio_a"":0.15,""trio_b"":0.1},""profile_id"":""profile_0070"",""simple_tasks"":{""simple_a"":[{""points"":5,""probability"":0.3},{""points"":10,""probability"":0.5},{""points"":15,""probability"":0.2}],""simple_b"":[{""points"":5,""probability"":0.45},{""points"":10,""probability"":0.4},{""points"":15,""probability"":0.15}]}}",600,20,7.031599681614009,9.560710247224794,1.3596778372101896,254.93333333333334,131.61666666666667,123.31666666666666,0.7016572189488157,121.94141851752698,0.9369380777510447,0.1423675,False,True,True,True,False,planning-policy diagnostic; not an optimality proof,"{""cumulative_a"": 0.6058556639438992, ""cumulative_b"": 0.45443592355357065, ""fives"": 0.4544359235535706, ""simple_a"": 0.7124904507257449, ""simple_b"": 0.7124904507257449, ""trio_a"": 0.6058556639438992, ""trio_b"": 0.4544359235535706}","{""cumulative_a"": 0.4538703943115707, ""cumulative_b"": 0.3246049701932055, ""fives"": 0.3246049701932055, ""simple_a"": 0.559222150398621, ""simple_b"": 0.559222150398621, ""trio_a"": 0.4538703943115707, ""trio_b"": 0.3246049701932055}",True,True,0,0.15141974039032863,True,5,0.15141974039032857,True,0.15000000000000002,0.0,20,40,80,100,300,600,1200,1500,3250,1805,1205,245,305,0.312987012987013,0.08153078202995008,0.20333333333333334,30
parameter-search-v2,profile_0096,"{""cumulative"":{""cumulative_a"":{""cap"":10,""increase"":5,""start"":0},""cumulative_b"":{""cap"":10,""increase"":5,""start"":0}},""group_bonuses"":{""fives"":40,""trio_a"":25,""trio_b"":30},""infinite_scroll"":{""increase"":3,""start"":5},""is_duration_name"":""uniform"",""is_duration_probabilities"":{""4"":0.25,""5"":0.25,""6"":0.25,""7"":0.25},""is_start_probability"":0.1,""non_is_weights"":{""cumulative_a"":0.15,""cumulative_b"":0.1,""fives"":0.1,""simple_a"":0.2,""simple_b"":0.2,""trio_a"":0.1,""trio_b"":0.15},""profile_id"":""profile_0096"",""simple_tasks"":{""simple_a"":[{""points"":5,""probability"":0.3},{""points"":10,""probability"":0.5},{""points"":15,""probability"":0.2}],""simple_b"":[{""points"":5,""probability"":0.45},{""points"":10,""probability"":0.4},{""points"":15,""probability"":0.15}]}}",600,20,7.002026461773255,9.548288567287461,1.3636464556961083,261.875,119.23166666666667,142.64333333333335,0.6105478175737383,141.44665961088882,1.1963544360418794,0.12265819444444444,False,True,True,True,False,planning-policy diagnostic; not an optimality proof,"{""cumulative_a"": 0.6058556639438992, ""cumulative_b"": 0.45443592355357065, ""fives"": 0.4544359235535706, ""simple_a"": 0.7124904507257449, ""simple_b"": 0.7124904507257449, ""trio_a"": 0.4544359235535706, ""trio_b"": 0.6058556639438992}","{""cumulative_a"": 0.4538703943115708, ""cumulative_b"": 0.3246049701932055, ""fives"": 0.3246049701932055, ""simple_a"": 0.559222150398621, ""simple_b"": 0.559222150398621, ""trio_a"": 0.3246049701932055, ""trio_b"": 0.4538703943115708}",True,True,5,0.15141974039032863,True,0,0.15141974039032857,True,0.15000000000000002,0.0,20,40,80,100,300,600,1200,1500,3250,1805,1205,245,305,0.312987012987013,0.08153078202995008,0.20333333333333334,31
parameter-search-v2,profile_0062,"{""cumulative"":{""cumulative_a"":{""cap"":10,""increase"":10,""start"":5},""cumulative_b"":{""cap"":10,""increase"":10,""start"":5}},""group_bonuses"":{""fives"":40,""trio_a"":25,""trio_b"":30},""infinite_scroll"":{""increase"":3,""start"":5},""is_duration_name"":""uniform"",""is_duration_probabilities"":{""4"":0.25,""5"":0.25,""6"":0.25,""7"":0.25},""is_start_probability"":0.05,""non_is_weights"":{""cumulative_a"":0.15,""cumulative_b"":0.1,""fives"":0.1,""simple_a"":0.2,""simple_b"":0.15,""trio_a"":0.1,""trio_b"":0.2},""profile_id"":""profile_0062"",""simple_tasks"":{""simple_a"":[{""points"":5,""probability"":0.3},{""points"":10,""probability"":0.5},{""points"":15,""probability"":0.2}],""simple_b"":[{""points"":5,""probability"":0.45},{""points"":10,""probability"":0.4},{""points"":15,""probability"":0.15}]}}",600,20,7.057927017844496,9.637168171300178,1.36543890960258,259.775,138.49833333333333,121.27666666666667,0.6619058025214857,119.97933129372456,0.8756543400040915,0.12043138888888888,False,True,True,True,False,planning-policy diagnostic; not an optimality proof,"{""cumulative_a"": 0.6058556639438991, ""cumulative_b"": 0.45443592355357065, ""fives"": 0.45443592355357065, ""simple_a"": 0.7124904507257448, ""simple_b"": 0.6058556639438992, ""trio_a"": 0.45443592355357065, ""trio_b"": 0.7124904507257449}","{""cumulative_a"": 0.4538703943115708, ""cumulative_b"": 0.3246049701932055, ""fives"": 0.3246049701932055, ""simple_a"": 0.559222150398621, ""simple_b"": 0.4538703943115708, ""trio_a"": 0.3246049701932055, ""trio_b"": 0.559222150398621}",True,True,5,0.25805452717217425,True,0,0.15141974039032846,True,0.15000000000000002,0.10663478678184557,20,40,80,100,300,600,1200,1500,3250,1805,1205,245,305,0.312987012987013,0.08153078202995008,0.20333333333333334,32
parameter-search-v2,profile_0043,"{""cumulative"":{""cumulative_a"":{""cap"":10,""increase"":10,""start"":5},""cumulative_b"":{""cap"":10,""increase"":5,""start"":10}},""group_bonuses"":{""fives"":40,""trio_a"":25,""trio_b"":30},""infinite_scroll"":{""increase"":3,""start"":5},""is_duration_name"":""short"",""is_duration_probabilities"":{""4"":0.4,""5"":0.3,""6"":0.2,""7"":0.1},""is_start_probability"":0.05,""non_is_weights"":{""cumulative_a"":0.2,""cumulative_b"":0.1,""fives"":0.15,""simple_a"":0.15,""simple_b"":0.2,""trio_a"":0.1,""trio_b"":0.1},""profile_id"":""profile_0043"",""simple_tasks"":{""simple_a"":[{""points"":5,""probability"":0.3},{""points"":10,""probability"":0.5},{""points"":15,""probability"":0.2}],""simple_b"":[{""points"":5,""probability"":0.45},{""points"":10,""probability"":0.4},{""points"":15,""probability"":0.15}]}}",600,20,7.317394915838685,10.0,1.3666065744729383,257.21666666666664,138.59541666666667,118.62125,0.6438682066727597,117.3592683149214,0.8558814775620888,0.143315,False,True,True,True,False,planning-policy diagnostic; not an optimality proof,"{""cumulative_a"": 0.7124904507257448, ""cumulative_b"": 0.45443592355357065, ""fives"": 0.6058556639438991, ""simple_a"": 0.6058556639438992, ""simple_b"": 0.7124904507257448, ""trio_a"": 0.4544359235535706, ""trio_b"": 0.4544359235535706}","{""cumulative_a"": 0.559222150398621, ""cumulative_b"": 0.3246049701932055, ""fives"": 0.4538703943115708, ""simple_a"": 0.4538703943115708, ""simple_b"": 0.559222150398621, ""trio_a"": 0.3246049701932055, ""trio_b"": 0.3246049701932055}",True,True,5,0.0,True,5,0.25805452717217414,True,0.15000000000000002,0.10663478678184557,20,40,80,100,300,600,1200,1500,3250,1805,1205,245,305,0.312987012987013,0.08153078202995008,0.20333333333333334,33
parameter-search-v2,profile_0090,"{""cumulative"":{""cumulative_a"":{""cap"":10,""increase"":5,""start"":0},""cumulative_b"":{""cap"":10,""increase"":5,""start"":10}},""group_bonuses"":{""fives"":40,""trio_a"":25,""trio_b"":25},""infinite_scroll"":{""increase"":3,""start"":5},""is_duration_name"":""short"",""is_duration_probabilities"":{""4"":0.4,""5"":0.3,""6"":0.2,""7"":0.1},""is_start_probability"":0.05,""non_is_weights"":{""cumulative_a"":0.1,""cumulative_b"":0.1,""fives"":0.15,""simple_a"":0.15,""simple_b"":0.2,""trio_a"":0.2,""trio_b"":0.1},""profile_id"":""profile_0090"",""simple_tasks"":{""simple_a"":[{""points"":5,""probability"":0.3},{""points"":10,""probability"":0.5},{""points"":15,""probability"":0.2}],""simple_b"":[{""points"":5,""probability"":0.45},{""points"":10,""probability"":0.4},{""points"":15,""probability"":0.15}]}}",600,20,7.312686426611665,10.0,1.367486504495654,269.98333333333335,127.83166666666666,142.15166666666667,0.5473581345624746,141.07884472292423,1.1120223210211346,0.12102111111111112,False,True,True,True,False,planning-policy diagnostic; not an optimality proof,"{""cumulative_a"": 0.45443592355357065, ""cumulative_b"": 0.45443592355357065, ""fives"": 0.6058556639438992, ""simple_a"": 0.6058556639438992, ""simple_b"": 0.7124904507257448, ""trio_a"": 0.7124904507257449, ""trio_b"": 0.45443592355357065}","{""cumulative_a"": 0.3246049701932055, ""cumulative_b"": 0.3246049701932055, ""fives"": 0.4538703943115708, ""simple_a"": 0.4538703943115708, ""simple_b"": 0.559222150398621, ""trio_a"": 0.559222150398621, ""trio_b"": 0.3246049701932055}",True,True,0,0.25805452717217425,True,10,0.0,True,0.15000000000000002,0.10663478678184557,20,40,80,100,300,600,1200,1500,3250,1805,1205,245,305,0.312987012987013,0.08153078202995008,0.20333333333333334,34
parameter-search-v2,profile_0021,"{""cumulative"":{""cumulative_a"":{""cap"":10,""increase"":5,""start"":0},""cumulative_b"":{""cap"":10,""increase"":5,""start"":10}},""group_bonuses"":{""fives"":40,""trio_a"":25,""trio_b"":25},""infinite_scroll"":{""increase"":3,""start"":5},""is_duration_name"":""short"",""is_duration_probabilities"":{""4"":0.4,""5"":0.3,""6"":0.2,""7"":0.1},""is_start_probability"":0.05,""non_is_weights"":{""cumulative_a"":0.1,""cumulative_b"":0.15,""fives"":0.15,""simple_a"":0.15,""simple_b"":0.15,""trio_a"":0.2,""trio_b"":0.1},""profile_id"":""profile_0021"",""simple_tasks"":{""simple_a"":[{""points"":5,""probability"":0.3},{""points"":10,""probability"":0.5},{""points"":15,""probability"":0.2}],""simple_b"":[{""points"":5,""probability"":0.45},{""points"":10,""probability"":0.4},{""points"":15,""probability"":0.15}]}}",600,20,7.298495985194924,10.0,1.3701453039482525,264.2,128.74041666666668,135.45958333333334,0.5548411725487216,134.37209463513784,1.0521915870760608,0.12512319444444445,False,True,True,True,False,planning-policy diagnostic; not an optimality proof,"{""cumulative_a"": 0.44858768682298095, ""cumulative_b"": 0.5991603984251044, ""fives"": 0.5991603984251044, ""simple_a"": 0.5991603984251044, ""simple_b"": 0.5991603984251044, ""trio_a"": 0.7061830326536209, ""trio_b"": 0.44858768682298095}","{""cumulative_a"": 0.3219205630970337, ""cumulative_b"": 0.450255871579401, ""fives"": 0.450255871579401, ""simple_a"": 0.450255871579401, ""simple_b"": 0.450255871579401, ""trio_a"": 0.5551353874883287, ""trio_b"": 0.3219205630970337}",True,True,0,0.25759534583064,True,10,0.15057271160212343,True,0.15000000000000002,0.0,20,40,80,100,300,600,1200,1500,3250,1805,1205,245,305,0.312987012987013,0.08153078202995008,0.20333333333333334,35
parameter-search-v2,profile_0005,"{""cumulative"":{""cumulative_a"":{""cap"":10,""increase"":5,""start"":0},""cumulative_b"":{""cap"":10,""increase"":10,""start"":5}},""group_bonuses"":{""fives"":40,""trio_a"":30,""trio_b"":25},""infinite_scroll"":{""increase"":3,""start"":5},""is_duration_name"":""uniform"",""is_duration_probabilities"":{""4"":0.25,""5"":0.25,""6"":0.25,""7"":0.25},""is_start_probability"":0.1,""non_is_weights"":{""cumulative_a"":0.1,""cumulative_b"":0.1,""fives"":0.1,""simple_a"":0.2,""simple_b"":0.15,""trio_a"":0.2,""trio_b"":0.15},""profile_id"":""profile_0005"",""simple_tasks"":{""simple_a"":[{""points"":5,""probability"":0.3},{""points"":10,""probability"":0.5},{""points"":15,""probability"":0.2}],""simple_b"":[{""points"":5,""probability"":0.45},{""points"":10,""probability"":0.4},{""points"":15,""probability"":0.15}]}}",600,20,7.0145739179817195,9.612509201335659,1.370362521477489,257.6666666666667,127.45875,130.20791666666668,0.6645177872160577,128.9054618037232,1.0215690697317108,0.12399569444444446,False,True,True,True,False,planning-policy diagnostic; not an optimality proof,"{""cumulative_a"": 0.45443592355357065, ""cumulative_b"": 0.45443592355357065, ""fives"": 0.45443592355357065, ""simple_a"": 0.7124904507257448, ""simple_b"": 0.6058556639438992, ""trio_a"": 0.7124904507257449, ""trio_b"": 0.6058556639438992}","{""cumulative_a"": 0.3246049701932055, ""cumulative_b"": 0.3246049701932055, ""fives"": 0.3246049701932055, ""simple_a"": 0.559222150398621, ""simple_b"": 0.4538703943115707, ""trio_a"": 0.559222150398621, ""trio_b"": 0.4538703943115707}",True,True,5,0.10663478678184568,True,5,0.0,True,0.15000000000000002,0.10663478678184557,20,40,80,100,300,600,1200,1500,3250,1805,1205,245,305,0.312987012987013,0.08153078202995008,0.20333333333333334,36
parameter-search-v2,profile_0072,"{""cumulative"":{""cumulative_a"":{""cap"":10,""increase"":5,""start"":0},""cumulative_b"":{""cap"":10,""increase"":5,""start"":10}},""group_bonuses"":{""fives"":40,""trio_a"":30,""trio_b"":25},""infinite_scroll"":{""increase"":3,""start"":5},""is_duration_name"":""long"",""is_duration_probabilities"":{""4"":0.1,""5"":0.2,""6"":0.3,""7"":0.4},""is_start_probability"":0.05,""non_is_weights"":{""cumulative_a"":0.1,""cumulative_b"":0.2,""fives"":0.15,""simple_a"":0.15,""simple_b"":0.15,""trio_a"":0.15,""trio_b"":0.1},""profile_id"":""profile_0072"",""simple_tasks"":{""simple_a"":[{""points"":5,""probability"":0.3},{""points"":10,""probability"":0.5},{""points"":15,""probability"":0.2}],""simple_b"":[{""points"":5,""probability"":0.45},{""points"":10,""probability"":0.4},{""points"":15,""probability"":0.15}]}}",600,20,7.291218753777079,10.0,1.3715128207914058,250.64166666666668,131.81458333333333,118.82708333333333,0.6733292507379799,117.5073580018869,0.901471448214822,0.14638500000000002,False,True,True,True,False,planning-policy diagnostic; not an optimality proof,"{""cumulative_a"": 0.4485876868229809, ""cumulative_b"": 0.7061830326536208, ""fives"": 0.5991603984251043, ""simple_a"": 0.5991603984251043, ""simple_b"": 0.5991603984251043, ""trio_a"": 0.5991603984251043, ""trio_b"": 0.4485876868229809}","{""cumulative_a"": 0.3219205630970337, ""cumulative_b"": 0.5551353874883287, ""fives"": 0.45025587157940095, ""simple_a"": 0.450255871579401, ""simple_b"": 0.450255871579401, ""trio_a"": 0.45025587157940095, ""trio_b"": 0.3219205630970337}",True,True,5,0.15057271160212338,True,10,0.2575953458306399,True,0.15000000000000002,0.0,20,40,80,100,300,600,1200,1500,3250,1805,1205,245,305,0.312987012987013,0.08153078202995008,0.20333333333333334,37
parameter-search-v2,profile_0082,"{""cumulative"":{""cumulative_a"":{""cap"":10,""increase"":5,""start"":5},""cumulative_b"":{""cap"":10,""increase"":5,""start"":0}},""group_bonuses"":{""fives"":40,""trio_a"":30,""trio_b"":25},""infinite_scroll"":{""increase"":3,""start"":5},""is_duration_name"":""uniform"",""is_duration_probabilities"":{""4"":0.25,""5"":0.25,""6"":0.25,""7"":0.25},""is_start_probability"":0.1,""non_is_weights"":{""cumulative_a"":0.2,""cumulative_b"":0.1,""fives"":0.1,""simple_a"":0.15,""simple_b"":0.15,""trio_a"":0.2,""trio_b"":0.1},""profile_id"":""profile_0082"",""simple_tasks"":{""simple_a"":[{""points"":5,""probability"":0.3},{""points"":10,""probability"":0.5},{""points"":15,""probability"":0.2}],""simple_b"":[{""points"":5,""probability"":0.45},{""points"":10,""probability"":0.4},{""points"":15,""probability"":0.15}]}}",600,20,7.00906884136253,9.620278439321668,1.372547289384524,249.25,128.87,120.38,0.6473507395273531,119.11119255052638,0.9341196554667494,0.12430333333333332,False,True,True,True,False,planning-policy diagnostic; not an optimality proof,"{""cumulative_a"": 0.7124904507257449, ""cumulative_b"": 0.45443592355357065, ""fives"": 0.45443592355357065, ""simple_a"": 0.6058556639438992, ""simple_b"": 0.6058556639438992, ""trio_a"": 0.7124904507257449, ""trio_b"": 0.45443592355357065}","{""cumulative_a"": 0.559222150398621, ""cumulative_b"": 0.3246049701932055, ""fives"": 0.3246049701932055, ""simple_a"": 0.4538703943115708, ""simple_b"": 0.4538703943115708, ""trio_a"": 0.559222150398621, ""trio_b"": 0.3246049701932055}",True,True,5,0.25805452717217425,True,5,0.25805452717217425,True,0.15000000000000002,0.0,20,40,80,100,300,600,1200,1500,3250,1805,1205,245,305,0.312987012987013,0.08153078202995008,0.20333333333333334,38
parameter-search-v2,profile_0089,"{""cumulative"":{""cumulative_a"":{""cap"":10,""increase"":5,""start"":0},""cumulative_b"":{""cap"":10,""increase"":5,""start"":10}},""group_bonuses"":{""fives"":40,""trio_a"":30,""trio_b"":30},""infinite_scroll"":{""increase"":3,""start"":5},""is_duration_name"":""short"",""is_duration_probabilities"":{""4"":0.4,""5"":0.3,""6"":0.2,""7"":0.1},""is_start_probability"":0.05,""non_is_weights"":{""cumulative_a"":0.15,""cumulative_b"":0.15,""fives"":0.15,""simple_a"":0.15,""simple_b"":0.15,""trio_a"":0.15,""trio_b"":0.1},""profile_id"":""profile_0089"",""simple_tasks"":{""simple_a"":[{""points"":5,""probability"":0.3},{""points"":10,""probability"":0.5},{""points"":15,""probability"":0.2}],""simple_b"":[{""points"":5,""probability"":0.45},{""points"":10,""probability"":0.4},{""points"":15,""probability"":0.15}]}}",600,20,7.280587529962534,10.0,1.3735155245158437,242.95833333333334,133.31291666666667,109.64541666666666,0.7602844759738829,108.15525909375785,0.8224665651927952,0.1680352777777778,False,True,True,True,False,planning-policy diagnostic; not an optimality proof,"{""cumulative_a"": 0.5928189457601223, ""cumulative_b"": 0.5928189457601223, ""fives"": 0.5928189457601223, ""simple_a"": 0.5928189457601223, ""simple_b"": 0.5928189457601223, ""trio_a"": 0.5928189457601223, ""trio_b"": 0.4430863254392667}","{""cumulative_a"": 0.4467787114845938, ""cumulative_b"": 0.4467787114845938, ""fives"": 0.4467787114845938, ""simple_a"": 0.4467787114845938, ""simple_b"": 0.4467787114845938, ""trio_a"": 0.4467787114845938, ""trio_b"": 0.319327731092437}",True,True,0,0.1497326203208556,True,10,0.0,True,0.15000000000000002,0.0,20,40,80,100,300,600,1200,1500,3250,1805,1205,245,305,0.312987012987013,0.08153078202995008,0.20333333333333334,39
parameter-search-v2,profile_0045,"{""cumulative"":{""cumulative_a"":{""cap"":10,""increase"":5,""start"":0},""cumulative_b"":{""cap"":10,""increase"":5,""start"":0}},""group_bonuses"":{""fives"":45,""trio_a"":30,""trio_b"":30},""infinite_scroll"":{""increase"":3,""start"":5},""is_duration_name"":""long"",""is_duration_probabilities"":{""4"":0.1,""5"":0.2,""6"":0.3,""7"":0.4},""is_start_probability"":0.1,""non_is_weights"":{""cumulative_a"":0.1,""cumulative_b"":0.15,""fives"":0.05,""simple_a"":0.2,""simple_b"":0.15,""trio_a"":0.2,""trio_b"":0.15},""profile_id"":""profile_0045"",""simple_tasks"":{""simple_a"":[{""points"":5,""probability"":0.3},{""points"":10,""probability"":0.5},{""points"":15,""probability"":0.2}],""simple_b"":[{""points"":5,""probability"":0.45},{""points"":10,""probability"":0.4},{""points"":15,""probability"":0.15}]}}",600,20,6.976300714240358,9.628587011276018,1.3801852021117276,249.7,128.11875,121.58125,0.7141552161005613,120.18150577644289,0.9489731206400311,0.14324847222222223,False,True,True,True,False,planning-policy diagnostic; not an optimality proof,"{""cumulative_a"": 0.46112244308838735, ""cumulative_b"": 0.613983668550232, ""fives"": 0.2558098763981117, ""simple_a"": 0.7205583374314024, ""simple_b"": 0.613983668550232, ""trio_a"": 0.7205583374314024, ""trio_b"": 0.613983668550232}","{""cumulative_a"": 0.3271643475203847, ""cumulative_b"": 0.4573943342519194, ""fives"": 0.17391007685125334, ""simple_a"": 0.563371286436302, ""simple_b"": 0.4573943342519194, ""trio_a"": 0.563371286436302, ""trio_b"": 0.4573943342519194}",True,True,0,0.1065746688811704,True,0,0.15286122546184466,True,0.15000000000000002,0.1065746688811704,20,40,80,100,300,600,1200,1500,3250,1805,1205,245,305,0.312987012987013,0.08153078202995008,0.20333333333333334,40
parameter-search-v2,profile_0017,"{""cumulative"":{""cumulative_a"":{""cap"":10,""increase"":5,""start"":0},""cumulative_b"":{""cap"":10,""increase"":10,""start"":5}},""group_bonuses"":{""fives"":45,""trio_a"":30,""trio_b"":30},""infinite_scroll"":{""increase"":4,""start"":2},""is_duration_name"":""long"",""is_duration_probabilities"":{""4"":0.1,""5"":0.2,""6"":0.3,""7"":0.4},""is_start_probability"":0.1,""non_is_weights"":{""cumulative_a"":0.1,""cumulative_b"":0.2,""fives"":0.05,""simple_a"":0.2,""simple_b"":0.15,""trio_a"":0.2,""trio_b"":0.1},""profile_id"":""profile_0017"",""simple_tasks"":{""simple_a"":[{""points"":5,""probability"":0.3},{""points"":10,""probability"":0.5},{""points"":15,""probability"":0.2}],""simple_b"":[{""points"":5,""probability"":0.45},{""points"":10,""probability"":0.4},{""points"":15,""probability"":0.15}]}}",600,20,6.969015006666932,9.629076393595374,1.3816983295894307,250.925,131.6,119.325,0.7643379988698823,117.82689752221503,0.9067249240121581,0.1428501388888889,False,True,True,True,False,planning-policy diagnostic; not an optimality proof,"{""cumulative_a"": 0.46782848214736766, ""cumulative_b"": 0.7276156591946067, ""fives"": 0.2597968208262326, ""simple_a"": 0.7276156591946067, ""simple_b"": 0.6216992372952126, ""trio_a"": 0.7276156591946067, ""trio_b"": 0.46782848214736766}","{""cumulative_a"": 0.3300049709492434, ""cumulative_b"": 0.5677704820119681, ""fives"": 0.17543543058248942, ""simple_a"": 0.5677704820119681, ""simple_b"": 0.46124318148311955, ""trio_a"": 0.5677704820119681, ""trio_b"": 0.3300049709492434}",True,True,0,0.259787177047239,True,5,0.259787177047239,True,0.15000000000000002,0.10652730052884857,20,40,80,100,300,600,1200,1500,3250,1805,1205,245,305,0.312987012987013,0.08153078202995008,0.20333333333333334,41
parameter-search-v2,profile_0093,"{""cumulative"":{""cumulative_a"":{""cap"":10,""increase"":5,""start"":0},""cumulative_b"":{""cap"":10,""increase"":5,""start"":10}},""group_bonuses"":{""fives"":45,""trio_a"":30,""trio_b"":30},""infinite_scroll"":{""increase"":3,""start"":5},""is_duration_name"":""long"",""is_duration_probabilities"":{""4"":0.1,""5"":0.2,""6"":0.3,""7"":0.4},""is_start_probability"":0.05,""non_is_weights"":{""cumulative_a"":0.1,""cumulative_b"":0.1,""fives"":0.05,""simple_a"":0.3,""simple_b"":0.15,""trio_a"":0.1,""trio_b"":0.2},""profile_id"":""profile_0093"",""simple_tasks"":{""simple_a"":[{""points"":5,""probability"":0.3},{""points"":10,""probability"":0.5},{""points"":15,""probability"":0.2}],""simple_b"":[{""points"":5,""probability"":0.45},{""points"":10,""probability"":0.4},{""points"":15,""probability"":0.15}]}}",600,20,7.231646777889696,10.0,1.3828109014636014,260.6333333333333,143.03541666666666,117.59791666666666,0.7421534637535295,116.14329587770975,0.8221594302110491,0.15097249999999998,False,True,True,True,False,planning-policy diagnostic; not an optimality proof,"{""cumulative_a"": 0.48995390574337944, ""cumulative_b"": 0.48995390574337944, ""fives"": 0.2737745098039216, ""simple_a"": 0.8640351908153765, ""simple_b"": 0.6445768498787074, ""trio_a"": 0.48995390574337944, ""trio_b"": 0.7477517322718561}","{""cumulative_a"": 0.34189389901464207, ""cumulative_b"": 0.34189389901464207, ""fives"": 0.18194281208987093, ""simple_a"": 0.7311536760453169, ""simple_b"": 0.47681633382097777, ""trio_a"": 0.34189389901464207, ""trio_b"": 0.5844054809999083}",True,True,0,0.25779782652847666,True,10,0.0,True,0.15000000000000002,0.2543373422243391,20,40,80,100,300,600,1200,1500,3250,1805,1205,245,305,0.312987012987013,0.08153078202995008,0.20333333333333334,42
parameter-search-v2,profile_0087,"{""cumulative"":{""cumulative_a"":{""cap"":10,""increase"":5,""start"":0},""cumulative_b"":{""cap"":10,""increase"":5,""start"":10}},""group_bonuses"":{""fives"":45,""trio_a"":25,""trio_b"":25},""infinite_scroll"":{""increase"":4,""start"":2},""is_duration_name"":""long"",""is_duration_probabilities"":{""4"":0.1,""5"":0.2,""6"":0.3,""7"":0.4},""is_start_probability"":0.05,""non_is_weights"":{""cumulative_a"":0.15,""cumulative_b"":0.1,""fives"":0.1,""simple_a"":0.15,""simple_b"":0.15,""trio_a"":0.15,""trio_b"":0.2},""profile_id"":""profile_0087"",""simple_tasks"":{""simple_a"":[{""points"":5,""probability"":0.3},{""points"":10,""probability"":0.5},{""points"":15,""probability"":0.2}],""simple_b"":[{""points"":5,""probability"":0.45},{""points"":10,""probability"":0.4},{""points"":15,""probability"":0.15}]}}",600,20,7.191994639471406,10.0,1.3904348517054756,261.7583333333333,126.34,135.41833333333332,0.5053115848772585,134.4279226269739,1.0718563664186584,0.12427416666666666,False,True,True,True,False,planning-policy diagnostic; not an optimality proof,"{""cumulative_a"": 0.5991603984251044, ""cumulative_b"": 0.44858768682298095, ""fives"": 0.44858768682298095, ""simple_a"": 0.5991603984251044, ""simple_b"": 0.5991603984251044, ""trio_a"": 0.5991603984251044, ""trio_b"": 0.7061830326536209}","{""cumulative_a"": 0.450255871579401, ""cumulative_b"": 0.3219205630970337, ""fives"": 0.3219205630970337, ""simple_a"": 0.450255871579401, ""simple_b"": 0.450255871579401, ""trio_a"": 0.45025587157940095, ""trio_b"": 0.5551353874883287}",True,True,0,0.10702263422851654,True,10,0.15057271160212343,True,0.15000000000000002,0.0,20,40,80,100,300,600,1200,1500,3250,1805,1205,245,305,0.312987012987013,0.08153078202995008,0.20333333333333334,43
parameter-search-v2,profile_0066,"{""cumulative"":{""cumulative_a"":{""cap"":10,""increase"":5,""start"":10},""cumulative_b"":{""cap"":10,""increase"":5,""start"":0}},""group_bonuses"":{""fives"":45,""trio_a"":25,""trio_b"":25},""infinite_scroll"":{""increase"":4,""start"":2},""is_duration_name"":""long"",""is_duration_probabilities"":{""4"":0.1,""5"":0.2,""6"":0.3,""7"":0.4},""is_start_probability"":0.1,""non_is_weights"":{""cumulative_a"":0.1,""cumulative_b"":0.1,""fives"":0.15,""simple_a"":0.15,""simple_b"":0.2,""trio_a"":0.1,""trio_b"":0.2},""profile_id"":""profile_0066"",""simple_tasks"":{""simple_a"":[{""points"":5,""probability"":0.3},{""points"":10,""probability"":0.5},{""points"":15,""probability"":0.2}],""simple_b"":[{""points"":5,""probability"":0.45},{""points"":10,""probability"":0.4},{""points"":15,""probability"":0.15}]}}",600,20,7.164567519092204,10.0,1.395757660647612,265.5083333333333,120.36083333333333,145.1475,0.5862250163163863,143.9984989680199,1.2059363164927683,0.12248513888888889,False,True,True,True,False,planning-policy diagnostic; not an optimality proof,"{""cumulative_a"": 0.45443592355357065, ""cumulative_b"": 0.45443592355357065, ""fives"": 0.6058556639438992, ""simple_a"": 0.6058556639438992, ""simple_b"": 0.7124904507257448, ""trio_a"": 0.45443592355357065, ""trio_b"": 0.7124904507257449}","{""cumulative_a"": 0.3246049701932055, ""cumulative_b"": 0.3246049701932055, ""fives"": 0.4538703943115708, ""simple_a"": 0.4538703943115708, ""simple_b"": 0.559222150398621, ""trio_a"": 0.3246049701932055, ""trio_b"": 0.559222150398621}",True,True,0,0.25805452717217425,True,10,0.0,True,0.15000000000000002,0.10663478678184557,20,40,80,100,300,600,1200,1500,3250,1805,1205,245,305,0.312987012987013,0.08153078202995008,0.20333333333333334,44
parameter-search-v2,profile_0051,"{""cumulative"":{""cumulative_a"":{""cap"":10,""increase"":5,""start"":0},""cumulative_b"":{""cap"":10,""increase"":5,""start"":10}},""group_bonuses"":{""fives"":45,""trio_a"":25,""trio_b"":30},""infinite_scroll"":{""increase"":3,""start"":5},""is_duration_name"":""uniform"",""is_duration_probabilities"":{""4"":0.25,""5"":0.25,""6"":0.25,""7"":0.25},""is_start_probability"":0.05,""non_is_weights"":{""cumulative_a"":0.15,""cumulative_b"":0.2,""fives"":0.05,""simple_a"":0.25,""simple_b"":0.15,""trio_a"":0.1,""trio_b"":0.1},""profile_id"":""profile_0051"",""simple_tasks"":{""simple_a"":[{""points"":5,""probability"":0.3},{""points"":10,""probability"":0.5},{""points"":15,""probability"":0.2}],""simple_b"":[{""points"":5,""probability"":0.45},{""points"":10,""probability"":0.4},{""points"":15,""probability"":0.15}]}}",600,20,7.135167978563923,10.0,1.4015087002916886,266.1,141.23458333333335,124.86541666666666,0.6614968647718916,123.56888281171375,0.884099444482141,0.14628944444444442,False,True,True,True,False,planning-policy diagnostic; not an optimality proof,"{""cumulative_a"": 0.6271469758311864, ""cumulative_b"": 0.7324373081339025, ""fives"": 0.2631126226714462, ""simple_a"": 0.8040053986261416, ""simple_b"": 0.6271469758311864, ""trio_a"": 0.47307535945306844, ""trio_b"": 0.47307535945306844}","{""cumulative_a"": 0.4650386507197653, ""cumulative_b"": 0.571832106661828, ""fives"": 0.1770210998152175, ""simple_a"": 0.6552663238034755, ""simple_b"": 0.46503865071976525, ""trio_a"": 0.3329015841399743, ""trio_b"": 0.3329015841399743}",True,True,5,0.0,True,10,0.10679345594206274,True,0.15000000000000002,0.19022767308371025,20,40,80,100,300,600,1200,1500,3250,1805,1205,245,305,0.312987012987013,0.08153078202995008,0.20333333333333334,45
parameter-search-v2,profile_0007,"{""cumulative"":{""cumulative_a"":{""cap"":10,""increase"":5,""start"":10},""cumulative_b"":{""cap"":10,""increase"":10,""start"":5}},""group_bonuses"":{""fives"":45,""trio_a"":30,""trio_b"":30},""infinite_scroll"":{""increase"":3,""start"":5},""is_duration_name"":""short"",""is_duration_probabilities"":{""4"":0.4,""5"":0.3,""6"":0.2,""7"":0.1},""is_start_probability"":0.05,""non_is_weights"":{""cumulative_a"":0.15,""cumulative_b"":0.15,""fives"":0.05,""simple_a"":0.15,""simple_b"":0.15,""trio_a"":0.2,""trio_b"":0.15},""profile_id"":""profile_0007"",""simple_tasks"":{""simple_a"":[{""points"":5,""probability"":0.3},{""points"":10,""probability"":0.5},{""points"":15,""probability"":0.2}],""simple_b"":[{""points"":5,""probability"":0.45},{""points"":10,""probability"":0.4},{""points"":15,""probability"":0.15}]}}",600,20,7.116568992776611,10.0,1.405171510337369,245.61666666666667,152.4075,93.20916666666666,0.7813737930116997,91.67767403236373,0.6115786077894242,0.16615180555555556,False,True,True,True,False,planning-policy diagnostic; not an optimality proof,"{""cumulative_a"": 0.6068133878505396, ""cumulative_b"": 0.6068133878505396, ""fives"": 0.2520934947405536, ""simple_a"": 0.6068133878505396, ""simple_b"": 0.6068133878505396, ""trio_a"": 0.7138395660067488, ""trio_b"": 0.6068133878505396}","{""cumulative_a"": 0.45368284965808187, ""cumulative_b"": 0.45368284965808187, ""fives"": 0.17243051066580478, ""simple_a"": 0.45368284965808187, ""simple_b"": 0.45368284965808187, ""trio_a"": 0.5591552410437859, ""trio_b"": 0.45368284965808187}",True,True,0,0.10702617815620918,True,5,0.0,True,0.15000000000000002,0.0,20,40,80,100,300,600,1200,1500,3250,1805,1205,245,305,0.312987012987013,0.08153078202995008,0.20333333333333334,46
parameter-search-v2,profile_0046,"{""cumulative"":{""cumulative_a"":{""cap"":10,""increase"":10,""start"":5},""cumulative_b"":{""cap"":10,""increase"":5,""start"":10}},""group_bonuses"":{""fives"":45,""trio_a"":30,""trio_b"":25},""infinite_scroll"":{""increase"":3,""start"":5},""is_duration_name"":""uniform"",""is_duration_probabilities"":{""4"":0.25,""5"":0.25,""6"":0.25,""7"":0.25},""is_start_probability"":0.05,""non_is_weights"":{""cumulative_a"":0.15,""cumulative_b"":0.1,""fives"":0.05,""simple_a"":0.2,""simple_b"":0.15,""trio_a"":0.15,""trio_b"":0.2},""profile_id"":""profile_0046"",""simple_tasks"":{""simple_a"":[{""points"":5,""probability"":0.3},{""points"":10,""probability"":0.5},{""points"":15,""probability"":0.2}],""simple_b"":[{""points"":5,""probability"":0.45},{""points"":10,""probability"":0.4},{""points"":15,""probability"":0.15}]}}",600,20,7.1130047477291525,10.0,1.4058756256549005,259.6666666666667,148.23875,111.42791666666666,0.6302963014690893,110.19253591578725,0.7516787389711979,0.14562624999999998,False,True,True,True,False,planning-policy diagnostic; not an optimality proof,"{""cumulative_a"": 0.613983668550232, ""cumulative_b"": 0.46112244308838735, ""fives"": 0.2558098763981117, ""simple_a"": 0.7205583374314024, ""simple_b"": 0.613983668550232, ""trio_a"": 0.613983668550232, ""trio_b"": 0.7205583374314024}","{""cumulative_a"": 0.4573943342519194, ""cumulative_b"": 0.3271643475203847, ""fives"": 0.17391007685125334, ""simple_a"": 0.563371286436302, ""simple_b"": 0.4573943342519194, ""trio_a"": 0.4573943342519194, ""trio_b"": 0.563371286436302}",True,True,5,0.1065746688811704,True,5,0.15286122546184466,True,0.15000000000000002,0.1065746688811704,20,40,80,100,300,600,1200,1500,3250,1805,1205,245,305,0.312987012987013,0.08153078202995008,0.20333333333333334,47
parameter-search-v2,profile_0053,"{""cumulative"":{""cumulative_a"":{""cap"":10,""increase"":5,""start"":10},""cumulative_b"":{""cap"":10,""increase"":5,""start"":10}},""group_bonuses"":{""fives"":45,""trio_a"":25,""trio_b"":30},""infinite_scroll"":{""increase"":3,""start"":5},""is_duration_name"":""uniform"",""is_duration_probabilities"":{""4"":0.25,""5"":0.25,""6"":0.25,""7"":0.25},""is_start_probability"":0.05,""non_is_weights"":{""cumulative_a"":0.1,""cumulative_b"":0.2,""fives"":0.05,""simple_a"":0.15,""simple_b"":0.15,""trio_a"":0.15,""trio_b"":0.2},""profile_id"":""profile_0053"",""simple_tasks"":{""simple_a"":[{""points"":5,""probability"":0.3},{""points"":10,""probability"":0.5},{""points"":15,""probability"":0.2}],""simple_b"":[{""points"":5,""probability"":0.45},{""points"":10,""probability"":0.4},{""points"":15,""probability"":0.15}]}}",600,20,7.098155274705891,10.0,1.4088167436453192,255.0,154.8025,100.1975,0.6287648903082637,98.96512081499581,0.6472602186657193,0.16189555555555554,False,True,True,True,False,planning-policy diagnostic; not an optimality proof,"{""cumulative_a"": 0.46112244308838735, ""cumulative_b"": 0.7205583374314024, ""fives"": 0.2558098763981117, ""simple_a"": 0.613983668550232, ""simple_b"": 0.613983668550232, ""trio_a"": 0.613983668550232, ""trio_b"": 0.7205583374314024}","{""cumulative_a"": 0.3271643475203847, ""cumulative_b"": 0.563371286436302, ""fives"": 0.17391007685125334, ""simple_a"": 0.4573943342519194, ""simple_b"": 0.4573943342519194, ""trio_a"": 0.4573943342519194, ""trio_b"": 0.563371286436302}",True,True,5,0.1065746688811704,True,0,0.25943589434301506,True,0.15000000000000002,0.0,20,40,80,100,300,600,1200,1500,3250,1805,1205,245,305,0.312987012987013,0.08153078202995008,0.20333333333333334,48
parameter-search-v2,profile_0065,"{""cumulative"":{""cumulative_a"":{""cap"":10,""increase"":5,""start"":0},""cumulative_b"":{""cap"":10,""increase"":5,""start"":0}},""group_bonuses"":{""fives"":45,""trio_a"":25,""trio_b"":25},""infinite_scroll"":{""increase"":4,""start"":2},""is_duration_name"":""uniform"",""is_duration_probabilities"":{""4"":0.25,""5"":0.25,""6"":0.25,""7"":0.25},""is_start_probability"":0.05,""non_is_weights"":{""cumulative_a"":0.2,""cumulative_b"":0.1,""fives"":0.1,""simple_a"":0.2,""simple_b"":0.15,""trio_a"":0.1,""trio_b"":0.15},""profile_id"":""profile_0065"",""simple_tasks"":{""simple_a"":[{""points"":5,""probability"":0.3},{""points"":10,""probability"":0.5},{""points"":15,""probability"":0.2}],""simple_b"":[{""points"":5,""probability"":0.45},{""points"":10,""probability"":0.4},{""points"":15,""probability"":0.15}]}}",600,20,6.726112471975215,9.480063771687961,1.4094417557225312,270.80833333333334,115.81791666666666,154.99041666666668,0.572791013184818,153.86774628082443,1.3382248716555802,0.08140152777777777,False,True,False,True,False,planning-policy diagnostic; not an optimality proof,"{""cumulative_a"": 0.7124904507257448, ""cumulative_b"": 0.45443592355357065, ""fives"": 0.45443592355357065, ""simple_a"": 0.7124904507257448, ""simple_b"": 0.6058556639438992, ""trio_a"": 0.4544359235535706, ""trio_b"": 0.6058556639438991}","{""cumulative_a"": 0.559222150398621, ""cumulative_b"": 0.3246049701932055, ""fives"": 0.3246049701932055, ""simple_a"": 0.559222150398621, ""simple_b"": 0.4538703943115708, ""trio_a"": 0.3246049701932055, ""trio_b"": 0.4538703943115708}",True,True,0,0.15141974039032852,True,0,0.25805452717217414,True,0.15000000000000002,0.10663478678184557,20,40,80,100,300,600,1200,1500,3250,1805,1205,245,305,0.312987012987013,0.08153078202995008,0.20333333333333334,49
parameter-search-v2,profile_0044,"{""cumulative"":{""cumulative_a"":{""cap"":10,""increase"":5,""start"":5},""cumulative_b"":{""cap"":10,""increase"":5,""start"":10}},""group_bonuses"":{""fives"":40,""trio_a"":30,""trio_b"":25},""infinite_scroll"":{""increase"":3,""start"":5},""is_duration_name"":""short"",""is_duration_probabilities"":{""4"":0.4,""5"":0.3,""6"":0.2,""7"":0.1},""is_start_probability"":0.05,""non_is_weights"":{""cumulative_a"":0.1,""cumulative_b"":0.15,""fives"":0.1,""simple_a"":0.2,""simple_b"":0.15,""trio_a"":0.2,""trio_b"":0.1},""profile_id"":""profile_0044"",""simple_tasks"":{""simple_a"":[{""points"":5,""probability"":0.3},{""points"":10,""probability"":0.5},{""points"":15,""probability"":0.2}],""simple_b"":[{""points"":5,""probability"":0.45},{""points"":10,""probability"":0.4},{""points"":15,""probability"":0.15}]}}",600,20,7.061464264579035,10.0,1.4161368839832462,260.05833333333334,143.42541666666668,116.63291666666667,0.6292790908393462,115.39952964862155,0.8131955923665319,0.14417333333333332,False,True,True,True,False,planning-policy diagnostic; not an optimality proof,"{""cumulative_a"": 0.45443592355357065, ""cumulative_b"": 0.6058556639438991, ""fives"": 0.45443592355357065, ""simple_a"": 0.7124904507257448, ""simple_b"": 0.6058556639438992, ""trio_a"": 0.7124904507257449, ""trio_b"": 0.45443592355357065}","{""cumulative_a"": 0.3246049701932055, ""cumulative_b"": 0.4538703943115708, ""fives"": 0.3246049701932055, ""simple_a"": 0.559222150398621, ""simple_b"": 0.4538703943115708, ""trio_a"": 0.559222150398621, ""trio_b"": 0.3246049701932055}",True,True,5,0.25805452717217425,True,5,0.15141974039032846,True,0.15000000000000002,0.10663478678184557,20,40,80,100,300,600,1200,1500,3250,1805,1205,245,305,0.312987012987013,0.08153078202995008,0.20333333333333334,50
parameter-search-v2,profile_0059,"{""cumulative"":{""cumulative_a"":{""cap"":10,""increase"":10,""start"":5},""cumulative_b"":{""cap"":10,""increase"":5,""start"":10}},""group_bonuses"":{""fives"":40,""trio_a"":30,""trio_b"":25},""infinite_scroll"":{""increase"":3,""start"":5},""is_duration_name"":""uniform"",""is_duration_probabilities"":{""4"":0.25,""5"":0.25,""6"":0.25,""7"":0.25},""is_start_probability"":0.05,""non_is_weights"":{""cumulative_a"":0.15,""cumulative_b"":0.15,""fives"":0.1,""simple_a"":0.25,""simple_b"":0.15,""trio_a"":0.1,""trio_b"":0.1},""profile_id"":""profile_0059"",""simple_tasks"":{""simple_a"":[{""points"":5,""probability"":0.3},{""points"":10,""probability"":0.5},{""points"":15,""probability"":0.2}],""simple_b"":[{""points"":5,""probability"":0.45},{""points"":10,""probability"":0.4},{""points"":15,""probability"":0.15}]}}",600,20,7.0602650274504395,10.0,1.4163774250852932,264.7,143.36791666666667,121.33208333333333,0.6415507954899198,120.07464377417308,0.8462987128105718,0.14090694444444446,False,True,True,True,False,planning-policy diagnostic; not an optimality proof,"{""cumulative_a"": 0.6107830894595601, ""cumulative_b"": 0.6107830894595601, ""fives"": 0.4590306752071458, ""simple_a"": 0.7905587059998825, ""simple_b"": 0.6107830894595601, ""trio_a"": 0.4590306752071458, ""trio_b"": 0.4590306752071458}","{""cumulative_a"": 0.45732870071105364, ""cumulative_b"": 0.45732870071105364, ""fives"": 0.3272768081591611, ""simple_a"": 0.6461834733893558, ""simple_b"": 0.45732870071105364, ""trio_a"": 0.3272768081591611, ""trio_b"": 0.3272768081591611}",True,True,5,0.0,True,5,0.0,True,0.15000000000000002,0.18885477267830214,20,40,80,100,300,600,1200,1500,3250,1805,1205,245,305,0.312987012987013,0.08153078202995008,0.20333333333333334,51
parameter-search-v2,profile_0092,"{""cumulative"":{""cumulative_a"":{""cap"":10,""increase"":5,""start"":10},""cumulative_b"":{""cap"":10,""increase"":10,""start"":5}},""group_bonuses"":{""fives"":40,""trio_a"":30,""trio_b"":25},""infinite_scroll"":{""increase"":3,""start"":5},""is_duration_name"":""uniform"",""is_duration_probabilities"":{""4"":0.25,""5"":0.25,""6"":0.25,""7"":0.25},""is_start_probability"":0.05,""non_is_weights"":{""cumulative_a"":0.15,""cumulative_b"":0.15,""fives"":0.1,""simple_a"":0.2,""simple_b"":0.2,""trio_a"":0.1,""trio_b"":0.1},""profile_id"":""profile_0092"",""simple_tasks"":{""simple_a"":[{""points"":5,""probability"":0.3},{""points"":10,""probability"":0.5},{""points"":15,""probability"":0.2}],""simple_b"":[{""points"":5,""probability"":0.45},{""points"":10,""probability"":0.4},{""points"":15,""probability"":0.15}]}}",600,20,7.0592133240430615,10.0,1.416588441369363,262.93333333333334,142.45875,120.47458333333333,0.5946128258123695,119.30914219474109,0.8456804747573127,0.1416184722222222,False,True,True,True,False,planning-policy diagnostic; not an optimality proof,"{""cumulative_a"": 0.6058556639438992, ""cumulative_b"": 0.6058556639438992, ""fives"": 0.4544359235535706, ""simple_a"": 0.7124904507257448, ""simple_b"": 0.7124904507257448, ""trio_a"": 0.4544359235535706, ""trio_b"": 0.4544359235535706}","{""cumulative_a"": 0.4538703943115708, ""cumulative_b"": 0.4538703943115708, ""fives"": 0.3246049701932055, ""simple_a"": 0.559222150398621, ""simple_b"": 0.559222150398621, ""trio_a"": 0.3246049701932055, ""trio_b"": 0.3246049701932055}",True,True,5,0.0,True,5,0.0,True,0.15000000000000002,0.0,20,40,80,100,300,600,1200,1500,3250,1805,1205,245,305,0.312987012987013,0.08153078202995008,0.20333333333333334,52
parameter-search-v2,profile_0049,"{""cumulative"":{""cumulative_a"":{""cap"":10,""increase"":5,""start"":10},""cumulative_b"":{""cap"":10,""increase"":5,""start"":0}},""group_bonuses"":{""fives"":40,""trio_a"":30,""trio_b"":30},""infinite_scroll"":{""increase"":3,""start"":5},""is_duration_name"":""uniform"",""is_duration_probabilities"":{""4"":0.25,""5"":0.25,""6"":0.25,""7"":0.25},""is_start_probability"":0.05,""non_is_weights"":{""cumulative_a"":0.15,""cumulative_b"":0.1,""fives"":0.1,""simple_a"":0.15,""simple_b"":0.25,""trio_a"":0.15,""trio_b"":0.1},""profile_id"":""profile_0049"",""simple_tasks"":{""simple_a"":[{""points"":5,""probability"":0.3},{""points"":10,""probability"":0.5},{""points"":15,""probability"":0.2}],""simple_b"":[{""points"":5,""probability"":0.45},{""points"":10,""probability"":0.4},{""points"":15,""probability"":0.15}]}}",600,20,7.056666020134875,10.0,1.4170997991780925,251.95,136.61875,115.33125,0.7694868737452029,113.8230557274594,0.8441831739786815,0.16103305555555555,False,True,True,True,False,planning-policy diagnostic; not an optimality proof,"{""cumulative_a"": 0.6107830894595601, ""cumulative_b"": 0.4590306752071458, ""fives"": 0.4590306752071458, ""simple_a"": 0.6107830894595601, ""simple_b"": 0.7905587059998825, ""trio_a"": 0.6107830894595601, ""trio_b"": 0.4590306752071458}","{""cumulative_a"": 0.45732870071105364, ""cumulative_b"": 0.3272768081591611, ""fives"": 0.3272768081591611, ""simple_a"": 0.45732870071105364, ""simple_b"": 0.6461834733893558, ""trio_a"": 0.45732870071105364, ""trio_b"": 0.3272768081591611}",True,True,0,0.15175241425241426,True,10,0.15175241425241426,True,0.15000000000000002,0.18885477267830214,20,40,80,100,300,600,1200,1500,3250,1805,1205,245,305,0.312987012987013,0.08153078202995008,0.20333333333333334,53
parameter-search-v2,profile_0033,"{""cumulative"":{""cumulative_a"":{""cap"":10,""increase"":5,""start"":10},""cumulative_b"":{""cap"":10,""increase"":5,""start"":5}},""group_bonuses"":{""fives"":40,""trio_a"":25,""trio_b"":30},""infinite_scroll"":{""increase"":4,""start"":2},""is_duration_name"":""long"",""is_duration_probabilities"":{""4"":0.1,""5"":0.2,""6"":0.3,""7"":0.4},""is_start_probability"":0.05,""non_is_weights"":{""cumulative_a"":0.2,""cumulative_b"":0.1,""fives"":0.1,""simple_a"":0.15,""simple_b"":0.2,""trio_a"":0.15,""trio_b"":0.1},""profile_id"":""profile_0033"",""simple_tasks"":{""simple_a"":[{""points"":5,""probability"":0.3},{""points"":10,""probability"":0.5},{""points"":15,""probability"":0.2}],""simple_b"":[{""points"":5,""probability"":0.45},{""points"":10,""probability"":0.4},{""points"":15,""probability"":0.15}]}}",600,20,7.053390797326486,10.0,1.4177578256106829,257.64166666666665,137.05541666666667,120.58625,0.6436574658900008,119.3246813668556,0.8798357112238663,0.1519338888888889,False,True,True,True,False,planning-policy diagnostic; not an optimality proof,"{""cumulative_a"": 0.7124904507257449, ""cumulative_b"": 0.45443592355357065, ""fives"": 0.45443592355357065, ""simple_a"": 0.6058556639438992, ""simple_b"": 0.7124904507257449, ""trio_a"": 0.6058556639438992, ""trio_b"": 0.45443592355357065}","{""cumulative_a"": 0.559222150398621, ""cumulative_b"": 0.3246049701932055, ""fives"": 0.3246049701932055, ""simple_a"": 0.4538703943115707, ""simple_b"": 0.559222150398621, ""trio_a"": 0.4538703943115707, ""trio_b"": 0.3246049701932055}",True,True,5,0.15141974039032857,True,5,0.25805452717217425,True,0.15000000000000002,0.10663478678184568,20,40,80,100,300,600,1200,1500,3250,1805,1205,245,305,0.312987012987013,0.08153078202995008,0.20333333333333334,54
parameter-search-v2,profile_0069,"{""cumulative"":{""cumulative_a"":{""cap"":10,""increase"":5,""start"":10},""cumulative_b"":{""cap"":10,""increase"":5,""start"":5}},""group_bonuses"":{""fives"":40,""trio_a"":30,""trio_b"":30},""infinite_scroll"":{""increase"":3,""start"":5},""is_duration_name"":""short"",""is_duration_probabilities"":{""4"":0.4,""5"":0.3,""6"":0.2,""7"":0.1},""is_start_probability"":0.1,""non_is_weights"":{""cumulative_a"":0.1,""cumulative_b"":0.1,""fives"":0.1,""simple_a"":0.25,""simple_b"":0.15,""trio_a"":0.1,""trio_b"":0.2},""profile_id"":""profile_0069"",""simple_tasks"":{""simple_a"":[{""points"":5,""probability"":0.3},{""points"":10,""probability"":0.5},{""points"":15,""probability"":0.2}],""simple_b"":[{""points"":5,""probability"":0.45},{""points"":10,""probability"":0.4},{""points"":15,""probability"":0.15}]}}",600,20,7.0478015932681,10.0,1.418882167391286,254.4,142.25791666666666,112.14208333333333,0.7494548192807282,110.6731518875431,0.7883011783175512,0.15740138888888888,False,True,True,True,False,planning-policy diagnostic; not an optimality proof,"{""cumulative_a"": 0.46553103758986114, ""cumulative_b"": 0.46553103758986114, ""fives"": 0.46553103758986114, ""simple_a"": 0.7962576639047227, ""simple_b"": 0.6179986679986681, ""trio_a"": 0.46553103758986114, ""trio_b"": 0.7236195177371648}","{""cumulative_a"": 0.33018599048010816, ""cumulative_b"": 0.33018599048010816, ""fives"": 0.33018599048010816, ""simple_a"": 0.650605113840408, ""simple_b"": 0.46128038628038626, ""trio_a"": 0.33018599048010816, ""trio_b"": 0.5673705379587733}",True,True,0,0.2580884801473037,True,5,0.0,True,0.15000000000000002,0.18932472756002172,20,40,80,100,300,600,1200,1500,3250,1805,1205,245,305,0.312987012987013,0.08153078202995008,0.20333333333333334,55
parameter-search-v2,profile_0057,"{""cumulative"":{""cumulative_a"":{""cap"":10,""increase"":10,""start"":5},""cumulative_b"":{""cap"":10,""increase"":5,""start"":10}},""group_bonuses"":{""fives"":40,""trio_a"":25,""trio_b"":30},""infinite_scroll"":{""increase"":3,""start"":5},""is_duration_name"":""long"",""is_duration_probabilities"":{""4"":0.1,""5"":0.2,""6"":0.3,""7"":0.4},""is_start_probability"":0.05,""non_is_weights"":{""cumulative_a"":0.1,""cumulative_b"":0.15,""fives"":0.1,""simple_a"":0.2,""simple_b"":0.2,""trio_a"":0.15,""trio_b"":0.1},""profile_id"":""profile_0057"",""simple_tasks"":{""simple_a"":[{""points"":5,""probability"":0.3},{""points"":10,""probability"":0.5},{""points"":15,""probability"":0.2}],""simple_b"":[{""points"":5,""probability"":0.45},{""points"":10,""probability"":0.4},{""points"":15,""probability"":0.15}]}}",600,20,7.0424344903785965,10.0,1.4199635102977588,267.975,141.085,126.89,0.6584200368368055,125.59949672779986,0.8993868944253464,0.1441201388888889,False,True,True,True,False,planning-policy diagnostic; not an optimality proof,"{""cumulative_a"": 0.4544359235535706, ""cumulative_b"": 0.6058556639438992, ""fives"": 0.4544359235535706, ""simple_a"": 0.7124904507257449, ""simple_b"": 0.7124904507257449, ""trio_a"": 0.6058556639438992, ""trio_b"": 0.4544359235535706}","{""cumulative_a"": 0.3246049701932055, ""cumulative_b"": 0.4538703943115707, ""fives"": 0.3246049701932055, ""simple_a"": 0.559222150398621, ""simple_b"": 0.559222150398621, ""trio_a"": 0.4538703943115707, ""trio_b"": 0.3246049701932055}",True,True,5,0.15141974039032863,True,5,0.15141974039032863,True,0.15000000000000002,0.0,20,40,80,100,300,600,1200,1500,3250,1805,1205,245,305,0.312987012987013,0.08153078202995008,0.20333333333333334,56
parameter-search-v2,profile_0029,"{""cumulative"":{""cumulative_a"":{""cap"":10,""increase"":5,""start"":0},""cumulative_b"":{""cap"":10,""increase"":5,""start"":10}},""group_bonuses"":{""fives"":40,""trio_a"":30,""trio_b"":30},""infinite_scroll"":{""increase"":3,""start"":5},""is_duration_name"":""uniform"",""is_duration_probabilities"":{""4"":0.25,""5"":0.25,""6"":0.25,""7"":0.25},""is_start_probability"":0.05,""non_is_weights"":{""cumulative_a"":0.1,""cumulative_b"":0.15,""fives"":0.1,""simple_a"":0.2,""simple_b"":0.2,""trio_a"":0.15,""trio_b"":0.1},""profile_id"":""profile_0029"",""simple_tasks"":{""simple_a"":[{""points"":5,""probability"":0.3},{""points"":10,""probability"":0.5},{""points"":15,""probability"":0.2}],""simple_b"":[{""points"":5,""probability"":0.45},{""points"":10,""probability"":0.4},{""points"":15,""probability"":0.15}]}}",600,20,7.034521964044837,10.0,1.4215607046381329,253.525,136.27125,117.25375,0.7523503407537819,115.77914333212259,0.8604437839969912,0.15778194444444446,False,True,True,True,False,planning-policy diagnostic; not an optimality proof,"{""cumulative_a"": 0.4544359235535706, ""cumulative_b"": 0.6058556639438992, ""fives"": 0.4544359235535706, ""simple_a"": 0.7124904507257449, ""simple_b"": 0.7124904507257449, ""trio_a"": 0.6058556639438992, ""trio_b"": 0.4544359235535706}","{""cumulative_a"": 0.3246049701932055, ""cumulative_b"": 0.4538703943115707, ""fives"": 0.3246049701932055, ""simple_a"": 0.559222150398621, ""simple_b"": 0.559222150398621, ""trio_a"": 0.4538703943115707, ""trio_b"": 0.3246049701932055}",True,True,0,0.15141974039032863,True,10,0.15141974039032863,True,0.15000000000000002,0.0,20,40,80,100,300,600,1200,1500,3250,1805,1205,245,305,0.312987012987013,0.08153078202995008,0.20333333333333334,57
parameter-search-v2,profile_0061,"{""cumulative"":{""cumulative_a"":{""cap"":10,""increase"":5,""start"":5},""cumulative_b"":{""cap"":10,""increase"":5,""start"":5}},""group_bonuses"":{""fives"":40,""trio_a"":30,""trio_b"":25},""infinite_scroll"":{""increase"":4,""start"":2},""is_duration_name"":""uniform"",""is_duration_probabilities"":{""4"":0.25,""5"":0.25,""6"":0.25,""7"":0.25},""is_start_probability"":0.1,""non_is_weights"":{""cumulative_a"":0.1,""cumulative_b"":0.15,""fives"":0.15,""simple_a"":0.2,""simple_b"":0.15,""trio_a"":0.1,""trio_b"":0.15},""profile_id"":""profile_0061"",""simple_tasks"":{""simple_a"":[{""points"":5,""probability"":0.3},{""points"":10,""probability"":0.5},{""points"":15,""probability"":0.2}],""simple_b"":[{""points"":5,""probability"":0.45},{""points"":10,""probability"":0.4},{""points"":15,""probability"":0.15}]}}",600,20,6.6769012546314785,9.491742459854096,1.4215789777136638,256.0083333333333,126.11833333333334,129.89,0.6749940538496111,128.56701165445475,1.0299057763211796,0.12070125,False,True,True,True,False,planning-policy diagnostic; not an optimality proof,"{""cumulative_a"": 0.4485876868229809, ""cumulative_b"": 0.5991603984251043, ""fives"": 0.5991603984251043, ""simple_a"": 0.7061830326536208, ""simple_b"": 0.5991603984251043, ""trio_a"": 0.44858768682298095, ""trio_b"": 0.5991603984251043}","{""cumulative_a"": 0.3219205630970337, ""cumulative_b"": 0.45025587157940095, ""fives"": 0.45025587157940095, ""simple_a"": 0.5551353874883287, ""simple_b"": 0.45025587157940095, ""trio_a"": 0.3219205630970337, ""trio_b"": 0.45025587157940095}",True,True,5,0.15057271160212332,True,0,0.15057271160212338,True,0.15000000000000002,0.10702263422851654,20,40,80,100,300,600,1200,1500,3250,1805,1205,245,305,0.312987012987013,0.08153078202995008,0.20333333333333334,58
parameter-search-v2,profile_0085,"{""cumulative"":{""cumulative_a"":{""cap"":10,""increase"":5,""start"":5},""cumulative_b"":{""cap"":10,""increase"":5,""start"":0}},""group_bonuses"":{""fives"":45,""trio_a"":25,""trio_b"":25},""infinite_scroll"":{""increase"":4,""start"":2},""is_duration_name"":""uniform"",""is_duration_probabilities"":{""4"":0.25,""5"":0.25,""6"":0.25,""7"":0.25},""is_start_probability"":0.1,""non_is_weights"":{""cumulative_a"":0.15,""cumulative_b"":0.1,""fives"":0.1,""simple_a"":0.15,""simple_b"":0.2,""trio_a"":0.2,""trio_b"":0.1},""profile_id"":""profile_0085"",""simple_tasks"":{""simple_a"":[{""points"":5,""probability"":0.3},{""points"":10,""probability"":0.5},{""points"":15,""probability"":0.2}],""simple_b"":[{""points"":5,""probability"":0.45},{""points"":10,""probability"":0.4},{""points"":15,""probability"":0.15}]}}",600,20,6.711851826345727,9.541926195961445,1.4216532847919787,266.15833333333336,120.43458333333334,145.72375,0.5548874112175486,144.6361706740136,1.209982597744972,0.09021597222222222,False,True,False,True,False,planning-policy diagnostic; not an optimality proof,"{""cumulative_a"": 0.6058556639438992, ""cumulative_b"": 0.45443592355357065, ""fives"": 0.45443592355357065, ""simple_a"": 0.6058556639438992, ""simple_b"": 0.7124904507257448, ""trio_a"": 0.7124904507257449, ""trio_b"": 0.45443592355357065}","{""cumulative_a"": 0.4538703943115708, ""cumulative_b"": 0.3246049701932055, ""fives"": 0.3246049701932055, ""simple_a"": 0.4538703943115708, ""simple_b"": 0.559222150398621, ""trio_a"": 0.559222150398621, ""trio_b"": 0.3246049701932055}",True,True,0,0.25805452717217425,True,5,0.15141974039032857,True,0.15000000000000002,0.10663478678184557,20,40,80,100,300,600,1200,1500,3250,1805,1205,245,305,0.312987012987013,0.08153078202995008,0.20333333333333334,59
parameter-search-v2,profile_0074,"{""cumulative"":{""cumulative_a"":{""cap"":10,""increase"":5,""start"":10},""cumulative_b"":{""cap"":10,""increase"":5,""start"":5}},""group_bonuses"":{""fives"":45,""trio_a"":30,""trio_b"":25},""infinite_scroll"":{""increase"":3,""start"":5},""is_duration_name"":""uniform"",""is_duration_probabilities"":{""4"":0.25,""5"":0.25,""6"":0.25,""7"":0.25},""is_start_probability"":0.1,""non_is_weights"":{""cumulative_a"":0.2,""cumulative_b"":0.2,""fives"":0.05,""simple_a"":0.2,""simple_b"":0.15,""trio_a"":0.1,""trio_b"":0.1},""profile_id"":""profile_0074"",""simple_tasks"":{""simple_a"":[{""points"":5,""probability"":0.3},{""points"":10,""probability"":0.5},{""points"":15,""probability"":0.2}],""simple_b"":[{""points"":5,""probability"":0.45},{""points"":10,""probability"":0.4},{""points"":15,""probability"":0.15}]}}",600,20,7.031544125555103,10.0,1.4221627314627074,257.71666666666664,147.57333333333332,110.14333333333333,0.6416671328113709,108.88566575302305,0.7463633899530178,0.14614944444444444,False,True,True,True,False,planning-policy diagnostic; not an optimality proof,"{""cumulative_a"": 0.7276156591946066, ""cumulative_b"": 0.7276156591946066, ""fives"": 0.25979682082623257, ""simple_a"": 0.7276156591946066, ""simple_b"": 0.6216992372952125, ""trio_a"": 0.4678284821473676, ""trio_b"": 0.4678284821473676}","{""cumulative_a"": 0.5677704820119681, ""cumulative_b"": 0.5677704820119681, ""fives"": 0.17543543058248942, ""simple_a"": 0.5677704820119681, ""simple_b"": 0.46124318148311955, ""trio_a"": 0.33000497094924347, ""trio_b"": 0.33000497094924347}",True,True,5,0.0,True,5,0.0,True,0.15000000000000002,0.10652730052884857,20,40,80,100,300,600,1200,1500,3250,1805,1205,245,305,0.312987012987013,0.08153078202995008,0.20333333333333334,60
parameter-search-v2,profile_0073,"{""cumulative"":{""cumulative_a"":{""cap"":10,""increase"":5,""start"":10},""cumulative_b"":{""cap"":10,""increase"":5,""start"":0}},""group_bonuses"":{""fives"":45,""trio_a"":30,""trio_b"":30},""infinite_scroll"":{""increase"":4,""start"":2},""is_duration_name"":""long"",""is_duration_probabilities"":{""4"":0.1,""5"":0.2,""6"":0.3,""7"":0.4},""is_start_probability"":0.1,""non_is_weights"":{""cumulative_a"":0.15,""cumulative_b"":0.1,""fives"":0.05,""simple_a"":0.25,""simple_b"":0.15,""trio_a"":0.2,""trio_b"":0.1},""profile_id"":""profile_0073"",""simple_tasks"":{""simple_a"":[{""points"":5,""probability"":0.3},{""points"":10,""probability"":0.5},{""points"":15,""probability"":0.2}],""simple_b"":[{""points"":5,""probability"":0.45},{""points"":10,""probability"":0.4},{""points"":15,""probability"":0.15}]}}",600,20,7.0172012609021905,10.0,1.4250695723545936,255.63333333333333,136.23666666666668,119.39666666666666,0.7434809301698648,117.93944404353373,0.8763915734873137,0.15680791666666666,False,True,True,True,False,planning-policy diagnostic; not an optimality proof,"{""cumulative_a"": 0.6271469758311864, ""cumulative_b"": 0.47307535945306844, ""fives"": 0.26311262267144625, ""simple_a"": 0.8040053986261416, ""simple_b"": 0.6271469758311864, ""trio_a"": 0.7324373081339026, ""trio_b"": 0.47307535945306844}","{""cumulative_a"": 0.4650386507197653, ""cumulative_b"": 0.3329015841399743, ""fives"": 0.1770210998152175, ""simple_a"": 0.6552663238034755, ""simple_b"": 0.46503865071976525, ""trio_a"": 0.571832106661828, ""trio_b"": 0.3329015841399743}",True,True,0,0.2593619486808342,True,10,0.15407161637811795,True,0.15000000000000002,0.19022767308371025,20,40,80,100,300,600,1200,1500,3250,1805,1205,245,305,0.312987012987013,0.08153078202995008,0.20333333333333334,61
parameter-search-v2,profile_0019,"{""cumulative"":{""cumulative_a"":{""cap"":10,""increase"":5,""start"":0},""cumulative_b"":{""cap"":10,""increase"":5,""start"":5}},""group_bonuses"":{""fives"":45,""trio_a"":30,""trio_b"":25},""infinite_scroll"":{""increase"":4,""start"":2},""is_duration_name"":""uniform"",""is_duration_probabilities"":{""4"":0.25,""5"":0.25,""6"":0.25,""7"":0.25},""is_start_probability"":0.05,""non_is_weights"":{""cumulative_a"":0.1,""cumulative_b"":0.1,""fives"":0.1,""simple_a"":0.15,""simple_b"":0.2,""trio_a"":0.2,""trio_b"":0.15},""profile_id"":""profile_0019"",""simple_tasks"":{""simple_a"":[{""points"":5,""probability"":0.3},{""points"":10,""probability"":0.5},{""points"":15,""probability"":0.2}],""simple_b"":[{""points"":5,""probability"":0.45},{""points"":10,""probability"":0.4},{""points"":15,""probability"":0.15}]}}",600,20,6.754109969288386,9.626934684129678,1.4253446757462216,256.05833333333334,126.60166666666667,129.45666666666668,0.6387219286168951,128.20477168657757,1.0225510459314648,0.12149972222222222,False,True,True,True,False,planning-policy diagnostic; not an optimality proof,"{""cumulative_a"": 0.45443592355357065, ""cumulative_b"": 0.45443592355357065, ""fives"": 0.45443592355357065, ""simple_a"": 0.6058556639438992, ""simple_b"": 0.7124904507257448, ""trio_a"": 0.7124904507257449, ""trio_b"": 0.6058556639438992}","{""cumulative_a"": 0.3246049701932055, ""cumulative_b"": 0.3246049701932055, ""fives"": 0.3246049701932055, ""simple_a"": 0.4538703943115707, ""simple_b"": 0.559222150398621, ""trio_a"": 0.559222150398621, ""trio_b"": 0.4538703943115707}",True,True,5,0.10663478678184568,True,5,0.0,True,0.15000000000000002,0.10663478678184557,20,40,80,100,300,600,1200,1500,3250,1805,1205,245,305,0.312987012987013,0.08153078202995008,0.20333333333333334,62
parameter-search-v2,profile_0036,"{""cumulative"":{""cumulative_a"":{""cap"":10,""increase"":5,""start"":10},""cumulative_b"":{""cap"":10,""increase"":5,""start"":0}},""group_bonuses"":{""fives"":40,""trio_a"":25,""trio_b"":30},""infinite_scroll"":{""increase"":3,""start"":5},""is_duration_name"":""long"",""is_duration_probabilities"":{""4"":0.1,""5"":0.2,""6"":0.3,""7"":0.4},""is_start_probability"":0.1,""non_is_weights"":{""cumulative_a"":0.15,""cumulative_b"":0.1,""fives"":0.1,""simple_a"":0.15,""simple_b"":0.15,""trio_a"":0.2,""trio_b"":0.15},""profile_id"":""profile_0036"",""simple_tasks"":{""simple_a"":[{""points"":5,""probability"":0.3},{""points"":10,""probability"":0.5},{""points"":15,""probability"":0.2}],""simple_b"":[{""points"":5,""probability"":0.45},{""points"":10,""probability"":0.4},{""points"":15,""probability"":0.15}]}}",600,20,7.015705219741965,10.0,1.4253734566641039,247.61666666666667,132.13041666666666,115.48625,0.6351429585560114,114.24136980123022,0.8740322850214277,0.14753277777777776,False,True,True,True,False,planning-policy diagnostic; not an optimality proof,"{""cumulative_a"": 0.5991603984251044, ""cumulative_b"": 0.44858768682298095, ""fives"": 0.44858768682298095, ""simple_a"": 0.5991603984251044, ""simple_b"": 0.5991603984251044, ""trio_a"": 0.7061830326536209, ""trio_b"": 0.5991603984251044}","{""cumulative_a"": 0.450255871579401, ""cumulative_b"": 0.3219205630970337, ""fives"": 0.3219205630970337, ""simple_a"": 0.450255871579401, ""simple_b"": 0.450255871579401, ""trio_a"": 0.5551353874883287, ""trio_b"": 0.450255871579401}",True,True,5,0.10702263422851654,True,10,0.15057271160212343,True,0.15000000000000002,0.0,20,40,80,100,300,600,1200,1500,3250,1805,1205,245,305,0.312987012987013,0.08153078202995008,0.20333333333333334,63
parameter-search-v2,profile_0003,"{""cumulative"":{""cumulative_a"":{""cap"":10,""increase"":5,""start"":5},""cumulative_b"":{""cap"":10,""increase"":10,""start"":5}},""group_bonuses"":{""fives"":45,""trio_a"":30,""trio_b"":25},""infinite_scroll"":{""increase"":4,""start"":2},""is_duration_name"":""uniform"",""is_duration_probabilities"":{""4"":0.25,""5"":0.25,""6"":0.25,""7"":0.25},""is_start_probability"":0.1,""non_is_weights"":{""cumulative_a"":0.2,""cumulative_b"":0.1,""fives"":0.05,""simple_a"":0.2,""simple_b"":0.2,""trio_a"":0.15,""trio_b"":0.1},""profile_id"":""profile_0003"",""simple_tasks"":{""simple_a"":[{""points"":5,""probability"":0.3},{""points"":10,""probability"":0.5},{""points"":15,""probability"":0.2}],""simple_b"":[{""points"":5,""probability"":0.45},{""points"":10,""probability"":0.4},{""points"":15,""probability"":0.15}]}}",600,20,6.7050305376080415,9.561668160012394,1.426043939156082,265.69166666666666,137.41875,128.27291666666667,0.6984610187019527,126.90393307001085,0.9334455208380711,0.12382625,False,True,True,True,False,planning-policy diagnostic; not an optimality proof,"{""cumulative_a"": 0.7276156591946067, ""cumulative_b"": 0.46782848214736766, ""fives"": 0.25979682082623257, ""simple_a"": 0.7276156591946066, ""simple_b"": 0.7276156591946066, ""trio_a"": 0.6216992372952125, ""trio_b"": 0.4678284821473676}","{""cumulative_a"": 0.5677704820119681, ""cumulative_b"": 0.3300049709492434, ""fives"": 0.17543543058248942, ""simple_a"": 0.5677704820119681, ""simple_b"": 0.5677704820119681, ""trio_a"": 0.46124318148311955, ""trio_b"": 0.3300049709492434}",True,True,5,0.15387075514784487,True,0,0.259787177047239,True,0.15000000000000002,0.0,20,40,80,100,300,600,1200,1500,3250,1805,1205,245,305,0.312987012987013,0.08153078202995008,0.20333333333333334,64
parameter-search-v2,profile_0011,"{""cumulative"":{""cumulative_a"":{""cap"":10,""increase"":5,""start"":5},""cumulative_b"":{""cap"":10,""increase"":5,""start"":10}},""group_bonuses"":{""fives"":45,""trio_a"":25,""trio_b"":30},""infinite_scroll"":{""increase"":3,""start"":5},""is_duration_name"":""short"",""is_duration_probabilities"":{""4"":0.4,""5"":0.3,""6"":0.2,""7"":0.1},""is_start_probability"":0.1,""non_is_weights"":{""cumulative_a"":0.1,""cumulative_b"":0.15,""fives"":0.05,""simple_a"":0.15,""simple_b"":0.15,""trio_a"":0.2,""trio_b"":0.2},""profile_id"":""profile_0011"",""simple_tasks"":{""simple_a"":[{""points"":5,""probability"":0.3},{""points"":10,""probability"":0.5},{""points"":15,""probability"":0.2}],""simple_b"":[{""points"":5,""probability"":0.45},{""points"":10,""probability"":0.4},{""points"":15,""probability"":0.15}]}}",600,20,7.0105283888758025,10.0,1.4264260046172617,249.60833333333332,146.12291666666667,103.48541666666667,0.616277610948018,102.27751254920855,0.7082079869972483,0.1409526388888889,False,True,True,True,False,planning-policy diagnostic; not an optimality proof,"{""cumulative_a"": 0.46112244308838735, ""cumulative_b"": 0.613983668550232, ""fives"": 0.2558098763981117, ""simple_a"": 0.613983668550232, ""simple_b"": 0.613983668550232, ""trio_a"": 0.7205583374314024, ""trio_b"": 0.7205583374314024}","{""cumulative_a"": 0.3271643475203847, ""cumulative_b"": 0.4573943342519194, ""fives"": 0.17391007685125334, ""simple_a"": 0.4573943342519194, ""simple_b"": 0.4573943342519194, ""trio_a"": 0.563371286436302, ""trio_b"": 0.563371286436302}",True,True,5,0.0,True,5,0.15286122546184466,True,0.15000000000000002,0.0,20,40,80,100,300,600,1200,1500,3250,1805,1205,245,305,0.312987012987013,0.08153078202995008,0.20333333333333334,65
parameter-search-v2,profile_0026,"{""cumulative"":{""cumulative_a"":{""cap"":10,""increase"":5,""start"":5},""cumulative_b"":{""cap"":10,""increase"":5,""start"":10}},""group_bonuses"":{""fives"":45,""trio_a"":30,""trio_b"":25},""infinite_scroll"":{""increase"":4,""start"":2},""is_duration_name"":""long"",""is_duration_probabilities"":{""4"":0.1,""5"":0.2,""6"":0.3,""7"":0.4},""is_start_probability"":0.1,""non_is_weights"":{""cumulative_a"":0.2,""cumulative_b"":0.1,""fives"":0.05,""simple_a"":0.2,""simple_b"":0.15,""trio_a"":0.15,""trio_b"":0.15},""profile_id"":""profile_0026"",""simple_tasks"":{""simple_a"":[{""points"":5,""probability"":0.3},{""points"":10,""probability"":0.5},{""points"":15,""probability"":0.2}],""simple_b"":[{""points"":5,""probability"":0.45},{""points"":10,""probability"":0.4},{""points"":15,""probability"":0.15}]}}",600,20,6.994147986959646,10.0,1.4297667162097032,257.925,139.83166666666668,118.09333333333333,0.6978296275013944,116.7255872634306,0.8445392674525322,0.14152055555555557,False,True,True,True,False,planning-policy diagnostic; not an optimality proof,"{""cumulative_a"": 0.7205583374314024, ""cumulative_b"": 0.46112244308838735, ""fives"": 0.2558098763981117, ""simple_a"": 0.7205583374314024, ""simple_b"": 0.6139836685502319, ""trio_a"": 0.613983668550232, ""trio_b"": 0.613983668550232}","{""cumulative_a"": 0.563371286436302, ""cumulative_b"": 0.3271643475203847, ""fives"": 0.17391007685125334, ""simple_a"": 0.563371286436302, ""simple_b"": 0.4573943342519194, ""trio_a"": 0.4573943342519194, ""trio_b"": 0.4573943342519194}",True,True,5,0.0,True,5,0.25943589434301506,True,0.15000000000000002,0.10657466888117051,20,40,80,100,300,600,1200,1500,3250,1805,1205,245,305,0.312987012987013,0.08153078202995008,0.20333333333333334,66
parameter-search-v2,profile_0018,"{""cumulative"":{""cumulative_a"":{""cap"":10,""increase"":5,""start"":0},""cumulative_b"":{""cap"":10,""increase"":5,""start"":10}},""group_bonuses"":{""fives"":45,""trio_a"":30,""trio_b"":30},""infinite_scroll"":{""increase"":3,""start"":5},""is_duration_name"":""long"",""is_duration_probabilities"":{""4"":0.1,""5"":0.2,""6"":0.3,""7"":0.4},""is_start_probability"":0.1,""non_is_weights"":{""cumulative_a"":0.15,""cumulative_b"":0.2,""fives"":0.05,""simple_a"":0.2,""simple_b"":0.15,""trio_a"":0.1,""trio_b"":0.15},""profile_id"":""profile_0018"",""simple_tasks"":{""simple_a"":[{""points"":5,""probability"":0.3},{""points"":10,""probability"":0.5},{""points"":15,""probability"":0.2}],""simple_b"":[{""points"":5,""probability"":0.45},{""points"":10,""probability"":0.4},{""points"":15,""probability"":0.15}]}}",600,20,6.993321174466142,10.0,1.4299357559197734,246.55,141.61416666666668,104.93583333333333,0.6864915167900802,103.59030996042478,0.7409981346028234,0.16480875,False,True,True,True,False,planning-policy diagnostic; not an optimality proof,"{""cumulative_a"": 0.613983668550232, ""cumulative_b"": 0.7205583374314024, ""fives"": 0.2558098763981117, ""simple_a"": 0.7205583374314024, ""simple_b"": 0.6139836685502319, ""trio_a"": 0.46112244308838735, ""trio_b"": 0.613983668550232}","{""cumulative_a"": 0.4573943342519194, ""cumulative_b"": 0.563371286436302, ""fives"": 0.17391007685125334, ""simple_a"": 0.563371286436302, ""simple_b"": 0.4573943342519194, ""trio_a"": 0.3271643475203847, ""trio_b"": 0.4573943342519194}",True,True,0,0.15286122546184466,True,10,0.1065746688811704,True,0.15000000000000002,0.10657466888117051,20,40,80,100,300,600,1200,1500,3250,1805,1205,245,305,0.312987012987013,0.08153078202995008,0.20333333333333334,67
parameter-search-v2,profile_0083,"{""cumulative"":{""cumulative_a"":{""cap"":10,""increase"":5,""start"":0},""cumulative_b"":{""cap"":10,""increase"":10,""start"":5}},""group_bonuses"":{""fives"":45,""trio_a"":30,""trio_b"":25},""infinite_scroll"":{""increase"":4,""start"":2},""is_duration_name"":""uniform"",""is_duration_probabilities"":{""4"":0.25,""5"":0.25,""6"":0.25,""7"":0.25},""is_start_probability"":0.1,""non_is_weights"":{""cumulative_a"":0.15,""cumulative_b"":0.1,""fives"":0.05,""simple_a"":0.15,""simple_b"":0.25,""trio_a"":0.2,""trio_b"":0.1},""profile_id"":""profile_0083"",""simple_tasks"":{""simple_a"":[{""points"":5,""probability"":0.3},{""points"":10,""probability"":0.5},{""points"":15,""probability"":0.2}],""simple_b"":[{""points"":5,""probability"":0.45},{""points"":10,""probability"":0.4},{""points"":15,""probability"":0.15}]}}",600,20,6.692070065904292,9.629249113533195,1.4389044075604736,260.775,128.67666666666668,132.09833333333333,0.6289929729986,130.86550710625608,1.026591197575318,0.12455694444444444,False,True,True,True,False,planning-policy diagnostic; not an optimality proof,"{""cumulative_a"": 0.6271469758311864, ""cumulative_b"": 0.47307535945306844, ""fives"": 0.26311262267144625, ""simple_a"": 0.6271469758311864, ""simple_b"": 0.8040053986261416, ""trio_a"": 0.7324373081339025, ""trio_b"": 0.47307535945306844}","{""cumulative_a"": 0.4650386507197653, ""cumulative_b"": 0.3329015841399743, ""fives"": 0.1770210998152175, ""simple_a"": 0.4650386507197653, ""simple_b"": 0.6552663238034755, ""trio_a"": 0.571832106661828, ""trio_b"": 0.3329015841399743}",True,True,5,0.25936194868083406,True,5,0.15407161637811795,True,0.15000000000000002,0.1902276730837102,20,40,80,100,300,600,1200,1500,3250,1805,1205,245,305,0.312987012987013,0.08153078202995008,0.20333333333333334,68
parameter-search-v2,profile_0055,"{""cumulative"":{""cumulative_a"":{""cap"":10,""increase"":5,""start"":5},""cumulative_b"":{""cap"":10,""increase"":5,""start"":10}},""group_bonuses"":{""fives"":40,""trio_a"":25,""trio_b"":30},""infinite_scroll"":{""increase"":4,""start"":2},""is_duration_name"":""uniform"",""is_duration_probabilities"":{""4"":0.25,""5"":0.25,""6"":0.25,""7"":0.25},""is_start_probability"":0.1,""non_is_weights"":{""cumulative_a"":0.15,""cumulative_b"":0.1,""fives"":0.1,""simple_a"":0.2,""simple_b"":0.15,""trio_a"":0.2,""trio_b"":0.1},""profile_id"":""profile_0055"",""simple_tasks"":{""simple_a"":[{""points"":5,""probability"":0.3},{""points"":10,""probability"":0.5},{""points"":15,""probability"":0.2}],""simple_b"":[{""points"":5,""probability"":0.45},{""points"":10,""probability"":0.4},{""points"":15,""probability"":0.15}]}}",600,20,6.756060614410181,10.0,1.480152498731396,256.2583333333333,133.39166666666668,122.86666666666666,0.6330435846882949,121.6259012406776,0.9210970200537264,0.13832263888888888,False,True,True,True,False,planning-policy diagnostic; not an optimality proof,"{""cumulative_a"": 0.6058556639438991, ""cumulative_b"": 0.45443592355357065, ""fives"": 0.45443592355357065, ""simple_a"": 0.7124904507257448, ""simple_b"": 0.6058556639438992, ""trio_a"": 0.7124904507257449, ""trio_b"": 0.45443592355357065}","{""cumulative_a"": 0.4538703943115708, ""cumulative_b"": 0.3246049701932055, ""fives"": 0.3246049701932055, ""simple_a"": 0.559222150398621, ""simple_b"": 0.4538703943115708, ""trio_a"": 0.559222150398621, ""trio_b"": 0.3246049701932055}",True,True,5,0.25805452717217425,True,5,0.15141974039032846,True,0.15000000000000002,0.10663478678184557,20,40,80,100,300,600,1200,1500,3250,1805,1205,245,305,0.312987012987013,0.08153078202995008,0.20333333333333334,69
parameter-search-v2,profile_0076,"{""cumulative"":{""cumulative_a"":{""cap"":10,""increase"":5,""start"":10},""cumulative_b"":{""cap"":10,""increase"":5,""start"":5}},""group_bonuses"":{""fives"":45,""trio_a"":30,""trio_b"":30},""infinite_scroll"":{""increase"":4,""start"":2},""is_duration_name"":""uniform"",""is_duration_probabilities"":{""4"":0.25,""5"":0.25,""6"":0.25,""7"":0.25},""is_start_probability"":0.1,""non_is_weights"":{""cumulative_a"":0.1,""cumulative_b"":0.2,""fives"":0.05,""simple_a"":0.2,""simple_b"":0.15,""trio_a"":0.2,""trio_b"":0.1},""profile_id"":""profile_0076"",""simple_tasks"":{""simple_a"":[{""points"":5,""probability"":0.3},{""points"":10,""probability"":0.5},{""points"":15,""probability"":0.2}],""simple_b"":[{""points"":5,""probability"":0.45},{""points"":10,""probability"":0.4},{""points"":15,""probability"":0.15}]}}",600,20,6.749487117688938,10.0,1.4815940567976158,251.80833333333334,144.03708333333333,107.77125,0.7708943370632899,106.26029709935595,0.7482187746789745,0.15730777777777777,False,True,True,True,False,planning-policy diagnostic; not an optimality proof,"{""cumulative_a"": 0.46782848214736766, ""cumulative_b"": 0.7276156591946067, ""fives"": 0.2597968208262326, ""simple_a"": 0.7276156591946067, ""simple_b"": 0.6216992372952126, ""trio_a"": 0.7276156591946067, ""trio_b"": 0.46782848214736766}","{""cumulative_a"": 0.3300049709492434, ""cumulative_b"": 0.5677704820119681, ""fives"": 0.17543543058248942, ""simple_a"": 0.5677704820119681, ""simple_b"": 0.46124318148311955, ""trio_a"": 0.5677704820119681, ""trio_b"": 0.3300049709492434}",True,True,0,0.259787177047239,True,5,0.259787177047239,True,0.15000000000000002,0.10652730052884857,20,40,80,100,300,600,1200,1500,3250,1805,1205,245,305,0.312987012987013,0.08153078202995008,0.20333333333333334,70
parameter-search-v2,profile_0040,"{""cumulative"":{""cumulative_a"":{""cap"":10,""increase"":5,""start"":10},""cumulative_b"":{""cap"":10,""increase"":5,""start"":0}},""group_bonuses"":{""fives"":40,""trio_a"":30,""trio_b"":25},""infinite_scroll"":{""increase"":4,""start"":2},""is_duration_name"":""uniform"",""is_duration_probabilities"":{""4"":0.25,""5"":0.25,""6"":0.25,""7"":0.25},""is_start_probability"":0.1,""non_is_weights"":{""cumulative_a"":0.1,""cumulative_b"":0.1,""fives"":0.1,""simple_a"":0.2,""simple_b"":0.2,""trio_a"":0.15,""trio_b"":0.15},""profile_id"":""profile_0040"",""simple_tasks"":{""simple_a"":[{""points"":5,""probability"":0.3},{""points"":10,""probability"":0.5},{""points"":15,""probability"":0.2}],""simple_b"":[{""points"":5,""probability"":0.45},{""points"":10,""probability"":0.4},{""points"":15,""probability"":0.15}]}}",600,20,6.748276167530666,10.0,1.4818599227036682,262.9916666666667,126.26333333333334,136.72833333333332,0.6262032787209266,135.5009749070403,1.082882335858919,0.14185,False,True,True,True,False,planning-policy diagnostic; not an optimality proof,"{""cumulative_a"": 0.45443592355357065, ""cumulative_b"": 0.45443592355357065, ""fives"": 0.45443592355357065, ""simple_a"": 0.7124904507257449, ""simple_b"": 0.7124904507257449, ""trio_a"": 0.6058556639438993, ""trio_b"": 0.6058556639438993}","{""cumulative_a"": 0.3246049701932055, ""cumulative_b"": 0.3246049701932055, ""fives"": 0.3246049701932055, ""simple_a"": 0.559222150398621, ""simple_b"": 0.559222150398621, ""trio_a"": 0.4538703943115707, ""trio_b"": 0.4538703943115707}",True,True,5,0.0,True,10,0.0,True,0.15000000000000002,0.0,20,40,80,100,300,600,1200,1500,3250,1805,1205,245,305,0.312987012987013,0.08153078202995008,0.20333333333333334,71
parameter-search-v2,profile_0064,"{""cumulative"":{""cumulative_a"":{""cap"":10,""increase"":10,""start"":5},""cumulative_b"":{""cap"":10,""increase"":5,""start"":0}},""group_bonuses"":{""fives"":40,""trio_a"":25,""trio_b"":25},""infinite_scroll"":{""increase"":4,""start"":2},""is_duration_name"":""uniform"",""is_duration_probabilities"":{""4"":0.25,""5"":0.25,""6"":0.25,""7"":0.25},""is_start_probability"":0.05,""non_is_weights"":{""cumulative_a"":0.15,""cumulative_b"":0.1,""fives"":0.05,""simple_a"":0.3,""simple_b"":0.15,""trio_a"":0.15,""trio_b"":0.1},""profile_id"":""profile_0064"",""simple_tasks"":{""simple_a"":[{""points"":5,""probability"":0.3},{""points"":10,""probability"":0.5},{""points"":15,""probability"":0.2}],""simple_b"":[{""points"":5,""probability"":0.45},{""points"":10,""probability"":0.4},{""points"":15,""probability"":0.15}]}}",600,20,6.385410421050397,9.493800663781943,1.4867956854400939,278.3333333333333,130.37166666666667,147.96166666666667,0.5623675713359534,146.8594262268482,1.1349219539010267,0.07972083333333334,False,True,False,True,False,planning-policy diagnostic; not an optimality proof,"{""cumulative_a"": 0.6361161928886387, ""cumulative_b"": 0.4818908903274228, ""fives"": 0.26886765195588724, ""simple_a"": 0.859001988723351, ""simple_b"": 0.6361161928886387, ""trio_a"": 0.6361161928886387, ""trio_b"": 0.4818908903274228}","{""cumulative_a"": 0.4721308232531143, ""cumulative_b"": 0.33849550002800777, ""fives"": 0.18013857057974705, ""simple_a"": 0.7264779596048946, ""simple_b"": 0.4721308232531143, ""trio_a"": 0.4721308232531143, ""trio_b"": 0.33849550002800777}",True,True,0,0.15422530256121592,True,5,0.15422530256121592,True,0.15000000000000002,0.2543471363517803,20,40,80,100,300,600,1200,1500,3250,1805,1205,245,305,0.312987012987013,0.08153078202995008,0.20333333333333334,72
parameter-search-v2,profile_0094,"{""cumulative"":{""cumulative_a"":{""cap"":10,""increase"":10,""start"":5},""cumulative_b"":{""cap"":10,""increase"":5,""start"":10}},""group_bonuses"":{""fives"":40,""trio_a"":25,""trio_b"":30},""infinite_scroll"":{""increase"":4,""start"":2},""is_duration_name"":""uniform"",""is_duration_probabilities"":{""4"":0.25,""5"":0.25,""6"":0.25,""7"":0.25},""is_start_probability"":0.1,""non_is_weights"":{""cumulative_a"":0.1,""cumulative_b"":0.15,""fives"":0.1,""simple_a"":0.15,""simple_b"":0.2,""trio_a"":0.2,""trio_b"":0.1},""profile_id"":""profile_0094"",""simple_tasks"":{""simple_a"":[{""points"":5,""probability"":0.3},{""points"":10,""probability"":0.5},{""points"":15,""probability"":0.2}],""simple_b"":[{""points"":5,""probability"":0.45},{""points"":10,""probability"":0.4},{""points"":15,""probability"":0.15}]}}",600,20,6.7232482343280635,10.0,1.4873762876910082,256.14166666666665,132.69166666666666,123.45,0.6167403586644584,122.24118889701766,0.9303523205426114,0.150935,False,True,True,True,False,planning-policy diagnostic; not an optimality proof,"{""cumulative_a"": 0.45443592355357065, ""cumulative_b"": 0.6058556639438992, ""fives"": 0.45443592355357065, ""simple_a"": 0.6058556639438992, ""simple_b"": 0.7124904507257448, ""trio_a"": 0.7124904507257448, ""trio_b"": 0.45443592355357065}","{""cumulative_a"": 0.3246049701932055, ""cumulative_b"": 0.4538703943115708, ""fives"": 0.3246049701932055, ""simple_a"": 0.4538703943115708, ""simple_b"": 0.559222150398621, ""trio_a"": 0.559222150398621, ""trio_b"": 0.3246049701932055}",True,True,5,0.25805452717217414,True,5,0.15141974039032857,True,0.15000000000000002,0.10663478678184557,20,40,80,100,300,600,1200,1500,3250,1805,1205,245,305,0.312987012987013,0.08153078202995008,0.20333333333333334,73
parameter-search-v2,profile_0058,"{""cumulative"":{""cumulative_a"":{""cap"":10,""increase"":10,""start"":5},""cumulative_b"":{""cap"":10,""increase"":10,""start"":5}},""group_bonuses"":{""fives"":40,""trio_a"":25,""trio_b"":25},""infinite_scroll"":{""increase"":4,""start"":2},""is_duration_name"":""uniform"",""is_duration_probabilities"":{""4"":0.25,""5"":0.25,""6"":0.25,""7"":0.25},""is_start_probability"":0.05,""non_is_weights"":{""cumulative_a"":0.2,""cumulative_b"":0.1,""fives"":0.05,""simple_a"":0.2,""simple_b"":0.15,""trio_a"":0.2,""trio_b"":0.1},""profile_id"":""profile_0058"",""simple_tasks"":{""simple_a"":[{""points"":5,""probability"":0.3},{""points"":10,""probability"":0.5},{""points"":15,""probability"":0.2}],""simple_b"":[{""points"":5,""probability"":0.45},{""points"":10,""probability"":0.4},{""points"":15,""probability"":0.15}]}}",600,20,6.362626318286784,9.514283278960974,1.4953390004401221,275.03333333333336,137.71208333333334,137.32125,0.5582998392660392,136.22698231503855,0.9971619532297152,0.08621,False,True,False,True,False,planning-policy diagnostic; not an optimality proof,"{""cumulative_a"": 0.7276156591946067, ""cumulative_b"": 0.46782848214736766, ""fives"": 0.2597968208262326, ""simple_a"": 0.7276156591946067, ""simple_b"": 0.6216992372952126, ""trio_a"": 0.7276156591946067, ""trio_b"": 0.46782848214736766}","{""cumulative_a"": 0.5677704820119681, ""cumulative_b"": 0.3300049709492434, ""fives"": 0.17543543058248942, ""simple_a"": 0.5677704820119681, ""simple_b"": 0.46124318148311955, ""trio_a"": 0.5677704820119681, ""trio_b"": 0.3300049709492434}",True,True,0,0.259787177047239,True,0,0.259787177047239,True,0.15000000000000002,0.10652730052884857,20,40,80,100,300,600,1200,1500,3250,1805,1205,245,305,0.312987012987013,0.08153078202995008,0.20333333333333334,74
parameter-search-v2,profile_0071,"{""cumulative"":{""cumulative_a"":{""cap"":10,""increase"":5,""start"":5},""cumulative_b"":{""cap"":10,""increase"":10,""start"":5}},""group_bonuses"":{""fives"":40,""trio_a"":30,""trio_b"":30},""infinite_scroll"":{""increase"":4,""start"":2},""is_duration_name"":""uniform"",""is_duration_probabilities"":{""4"":0.25,""5"":0.25,""6"":0.25,""7"":0.25},""is_start_probability"":0.05,""non_is_weights"":{""cumulative_a"":0.1,""cumulative_b"":0.15,""fives"":0.05,""simple_a"":0.2,""simple_b"":0.25,""trio_a"":0.1,""trio_b"":0.15},""profile_id"":""profile_0071"",""simple_tasks"":{""simple_a"":[{""points"":5,""probability"":0.3},{""points"":10,""probability"":0.5},{""points"":15,""probability"":0.2}],""simple_b"":[{""points"":5,""probability"":0.45},{""points"":10,""probability"":0.4},{""points"":15,""probability"":0.15}]}}",600,20,6.390420736042823,9.577092368024845,1.4986638225569047,263.18333333333334,143.35958333333335,119.82375,0.7707400361277503,118.31309952918961,0.8358265782720025,0.14649500000000001,False,True,True,True,False,planning-policy diagnostic; not an optimality proof,"{""cumulative_a"": 0.47307535945306844, ""cumulative_b"": 0.6271469758311864, ""fives"": 0.2631126226714462, ""simple_a"": 0.7324373081339025, ""simple_b"": 0.8040053986261416, ""trio_a"": 0.47307535945306844, ""trio_b"": 0.6271469758311864}","{""cumulative_a"": 0.3329015841399743, ""cumulative_b"": 0.4650386507197653, ""fives"": 0.1770210998152175, ""simple_a"": 0.571832106661828, ""simple_b"": 0.6552663238034755, ""trio_a"": 0.3329015841399743, ""trio_b"": 0.4650386507197653}",True,True,0,0.15407161637811795,True,0,0.15407161637811795,True,0.15000000000000002,0.08343421714164745,20,40,80,100,300,600,1200,1500,3250,1805,1205,245,305,0.312987012987013,0.08153078202995008,0.20333333333333334,75
parameter-search-v2,profile_0025,"{""cumulative"":{""cumulative_a"":{""cap"":10,""increase"":10,""start"":5},""cumulative_b"":{""cap"":10,""increase"":5,""start"":0}},""group_bonuses"":{""fives"":40,""trio_a"":30,""trio_b"":30},""infinite_scroll"":{""increase"":3,""start"":5},""is_duration_name"":""uniform"",""is_duration_probabilities"":{""4"":0.25,""5"":0.25,""6"":0.25,""7"":0.25},""is_start_probability"":0.05,""non_is_weights"":{""cumulative_a"":0.2,""cumulative_b"":0.1,""fives"":0.05,""simple_a"":0.25,""simple_b"":0.15,""trio_a"":0.15,""trio_b"":0.1},""profile_id"":""profile_0025"",""simple_tasks"":{""simple_a"":[{""points"":5,""probability"":0.3},{""points"":10,""probability"":0.5},{""points"":15,""probability"":0.2}],""simple_b"":[{""points"":5,""probability"":0.45},{""points"":10,""probability"":0.4},{""points"":15,""probability"":0.15}]}}",600,20,6.358436779339457,9.571630617002505,1.505343364913797,258.825,139.70666666666668,119.11833333333334,0.7440521402835842,117.65999113837752,0.852631704523764,0.13893791666666666,False,True,True,True,False,planning-policy diagnostic; not an optimality proof,"{""cumulative_a"": 0.7324373081339026, ""cumulative_b"": 0.47307535945306844, ""fives"": 0.26311262267144625, ""simple_a"": 0.8040053986261416, ""simple_b"": 0.6271469758311864, ""trio_a"": 0.6271469758311863, ""trio_b"": 0.47307535945306844}","{""cumulative_a"": 0.571832106661828, ""cumulative_b"": 0.3329015841399743, ""fives"": 0.1770210998152175, ""simple_a"": 0.6552663238034755, ""simple_b"": 0.46503865071976525, ""trio_a"": 0.4650386507197653, ""trio_b"": 0.3329015841399743}",True,True,0,0.15407161637811784,True,5,0.2593619486808342,True,0.15000000000000002,0.19022767308371025,20,40,80,100,300,600,1200,1500,3250,1805,1205,245,305,0.312987012987013,0.08153078202995008,0.20333333333333334,76
parameter-search-v2,profile_0008,"{""cumulative"":{""cumulative_a"":{""cap"":10,""increase"":5,""start"":0},""cumulative_b"":{""cap"":10,""increase"":10,""start"":5}},""group_bonuses"":{""fives"":45,""trio_a"":25,""trio_b"":30},""infinite_scroll"":{""increase"":4,""start"":2},""is_duration_name"":""short"",""is_duration_probabilities"":{""4"":0.4,""5"":0.3,""6"":0.2,""7"":0.1},""is_start_probability"":0.05,""non_is_weights"":{""cumulative_a"":0.15,""cumulative_b"":0.1,""fives"":0.15,""simple_a"":0.15,""simple_b"":0.25,""trio_a"":0.1,""trio_b"":0.1},""profile_id"":""profile_0008"",""simple_tasks"":{""simple_a"":[{""points"":5,""probability"":0.3},{""points"":10,""probability"":0.5},{""points"":15,""probability"":0.2}],""simple_b"":[{""points"":5,""probability"":0.45},{""points"":10,""probability"":0.4},{""points"":15,""probability"":0.15}]}}",600,20,6.213986814174071,9.479142116872733,1.5254525637632286,262.34166666666664,123.12,139.22166666666666,0.6396608648915664,137.96793137147918,1.1307802685726662,0.12368375000000001,False,True,True,True,False,planning-policy diagnostic; not an optimality proof,"{""cumulative_a"": 0.6107830894595601, ""cumulative_b"": 0.4590306752071458, ""fives"": 0.6107830894595601, ""simple_a"": 0.6107830894595601, ""simple_b"": 0.7905587059998825, ""trio_a"": 0.4590306752071458, ""trio_b"": 0.4590306752071458}","{""cumulative_a"": 0.45732870071105364, ""cumulative_b"": 0.3272768081591611, ""fives"": 0.45732870071105364, ""simple_a"": 0.45732870071105364, ""simple_b"": 0.6461834733893558, ""trio_a"": 0.3272768081591611, ""trio_b"": 0.3272768081591611}",True,True,5,0.0,True,5,0.15175241425241426,True,0.15000000000000002,0.18885477267830214,20,40,80,100,300,600,1200,1500,3250,1805,1205,245,305,0.312987012987013,0.08153078202995008,0.20333333333333334,77
parameter-search-v2,profile_0024,"{""cumulative"":{""cumulative_a"":{""cap"":10,""increase"":5,""start"":0},""cumulative_b"":{""cap"":10,""increase"":5,""start"":5}},""group_bonuses"":{""fives"":40,""trio_a"":25,""trio_b"":30},""infinite_scroll"":{""increase"":3,""start"":5},""is_duration_name"":""short"",""is_duration_probabilities"":{""4"":0.4,""5"":0.3,""6"":0.2,""7"":0.1},""is_start_probability"":0.05,""non_is_weights"":{""cumulative_a"":0.1,""cumulative_b"":0.2,""fives"":0.05,""simple_a"":0.15,""simple_b"":0.15,""trio_a"":0.15,""trio_b"":0.2},""profile_id"":""profile_0024"",""simple_tasks"":{""simple_a"":[{""points"":5,""probability"":0.3},{""points"":10,""probability"":0.5},{""points"":15,""probability"":0.2}],""simple_b"":[{""points"":5,""probability"":0.45},{""points"":10,""probability"":0.4},{""points"":15,""probability"":0.15}]}}",600,20,6.319802535591392,9.64216716487525,1.5257070312835272,253.8,137.34208333333333,116.45791666666666,0.6257038327347245,115.2315371545066,0.8479405134988365,0.11965374999999999,False,True,True,True,False,planning-policy diagnostic; not an optimality proof,"{""cumulative_a"": 0.46112244308838735, ""cumulative_b"": 0.7205583374314024, ""fives"": 0.2558098763981117, ""simple_a"": 0.613983668550232, ""simple_b"": 0.613983668550232, ""trio_a"": 0.613983668550232, ""trio_b"": 0.7205583374314024}","{""cumulative_a"": 0.3271643475203847, ""cumulative_b"": 0.563371286436302, ""fives"": 0.17391007685125334, ""simple_a"": 0.4573943342519194, ""simple_b"": 0.4573943342519194, ""trio_a"": 0.4573943342519194, ""trio_b"": 0.563371286436302}",True,True,5,0.1065746688811704,True,5,0.25943589434301506,True,0.15000000000000002,0.0,20,40,80,100,300,600,1200,1500,3250,1805,1205,245,305,0.312987012987013,0.08153078202995008,0.20333333333333334,78
parameter-search-v2,profile_0006,"{""cumulative"":{""cumulative_a"":{""cap"":10,""increase"":5,""start"":0},""cumulative_b"":{""cap"":10,""increase"":5,""start"":5}},""group_bonuses"":{""fives"":40,""trio_a"":30,""trio_b"":30},""infinite_scroll"":{""increase"":4,""start"":2},""is_duration_name"":""uniform"",""is_duration_probabilities"":{""4"":0.25,""5"":0.25,""6"":0.25,""7"":0.25},""is_start_probability"":0.1,""non_is_weights"":{""cumulative_a"":0.1,""cumulative_b"":0.15,""fives"":0.05,""simple_a"":0.25,""simple_b"":0.15,""trio_a"":0.2,""trio_b"":0.1},""profile_id"":""profile_0006"",""simple_tasks"":{""simple_a"":[{""points"":5,""probability"":0.3},{""points"":10,""probability"":0.5},{""points"":15,""probability"":0.2}],""simple_b"":[{""points"":5,""probability"":0.45},{""points"":10,""probability"":0.4},{""points"":15,""probability"":0.15}]}}",600,20,6.306410786170032,9.630015852305538,1.5270200719281048,256.15,131.76416666666665,124.38583333333334,0.7648350642615842,122.88675660738063,0.9440034910857151,0.13749041666666664,False,True,True,True,False,planning-policy diagnostic; not an optimality proof,"{""cumulative_a"": 0.47307535945306844, ""cumulative_b"": 0.6271469758311863, ""fives"": 0.26311262267144625, ""simple_a"": 0.8040053986261416, ""simple_b"": 0.6271469758311864, ""trio_a"": 0.7324373081339025, ""trio_b"": 0.47307535945306844}","{""cumulative_a"": 0.3329015841399743, ""cumulative_b"": 0.4650386507197653, ""fives"": 0.1770210998152175, ""simple_a"": 0.6552663238034755, ""simple_b"": 0.46503865071976525, ""trio_a"": 0.571832106661828, ""trio_b"": 0.3329015841399743}",True,True,0,0.25936194868083406,True,5,0.15407161637811784,True,0.15000000000000002,0.19022767308371025,20,40,80,100,300,600,1200,1500,3250,1805,1205,245,305,0.312987012987013,0.08153078202995008,0.20333333333333334,79
parameter-search-v2,profile_0084,"{""cumulative"":{""cumulative_a"":{""cap"":10,""increase"":5,""start"":0},""cumulative_b"":{""cap"":10,""increase"":10,""start"":5}},""group_bonuses"":{""fives"":40,""trio_a"":25,""trio_b"":30},""infinite_scroll"":{""increase"":4,""start"":2},""is_duration_name"":""short"",""is_duration_probabilities"":{""4"":0.4,""5"":0.3,""6"":0.2,""7"":0.1},""is_start_probability"":0.1,""non_is_weights"":{""cumulative_a"":0.15,""cumulative_b"":0.15,""fives"":0.05,""simple_a"":0.2,""simple_b"":0.2,""trio_a"":0.1,""trio_b"":0.15},""profile_id"":""profile_0084"",""simple_tasks"":{""simple_a"":[{""points"":5,""probability"":0.3},{""points"":10,""probability"":0.5},{""points"":15,""probability"":0.2}],""simple_b"":[{""points"":5,""probability"":0.45},{""points"":10,""probability"":0.4},{""points"":15,""probability"":0.15}]}}",600,20,6.232420300652656,9.548564451494496,1.5320796722413883,262.85,128.83125,134.01875,0.6486833901726368,132.74733055526164,1.040265851647019,0.12472083333333332,False,True,True,True,False,planning-policy diagnostic; not an optimality proof,"{""cumulative_a"": 0.613983668550232, ""cumulative_b"": 0.613983668550232, ""fives"": 0.2558098763981117, ""simple_a"": 0.7205583374314025, ""simple_b"": 0.7205583374314025, ""trio_a"": 0.4611224430883874, ""trio_b"": 0.613983668550232}","{""cumulative_a"": 0.4573943342519194, ""cumulative_b"": 0.4573943342519194, ""fives"": 0.17391007685125334, ""simple_a"": 0.563371286436302, ""simple_b"": 0.563371286436302, ""trio_a"": 0.3271643475203847, ""trio_b"": 0.4573943342519194}",True,True,5,0.1528612254618446,True,5,0.0,True,0.15000000000000002,0.0,20,40,80,100,300,600,1200,1500,3250,1805,1205,245,305,0.312987012987013,0.08153078202995008,0.20333333333333334,80
parameter-search-v2,profile_0048,"{""cumulative"":{""cumulative_a"":{""cap"":10,""increase"":10,""start"":5},""cumulative_b"":{""cap"":10,""increase"":10,""start"":5}},""group_bonuses"":{""fives"":40,""trio_a"":25,""trio_b"":30},""infinite_scroll"":{""increase"":4,""start"":2},""is_duration_name"":""uniform"",""is_duration_probabilities"":{""4"":0.25,""5"":0.25,""6"":0.25,""7"":0.25},""is_start_probability"":0.1,""non_is_weights"":{""cumulative_a"":0.2,""cumulative_b"":0.1,""fives"":0.05,""simple_a"":0.2,""simple_b"":0.15,""trio_a"":0.1,""trio_b"":0.2},""profile_id"":""profile_0048"",""simple_tasks"":{""simple_a"":[{""points"":5,""probability"":0.3},{""points"":10,""probability"":0.5},{""points"":15,""probability"":0.2}],""simple_b"":[{""points"":5,""probability"":0.45},{""points"":10,""probability"":0.4},{""points"":15,""probability"":0.15}]}}",600,20,6.236091196235751,9.636723284451758,1.5453146820990538,260.81666666666666,137.44166666666666,123.375,0.6831791803266773,122.03596880655971,0.8976535499909053,0.129155,False,True,True,True,False,planning-policy diagnostic; not an optimality proof,"{""cumulative_a"": 0.7276156591946067, ""cumulative_b"": 0.46782848214736766, ""fives"": 0.2597968208262326, ""simple_a"": 0.7276156591946067, ""simple_b"": 0.6216992372952125, ""trio_a"": 0.46782848214736766, ""trio_b"": 0.7276156591946067}","{""cumulative_a"": 0.5677704820119681, ""cumulative_b"": 0.3300049709492434, ""fives"": 0.17543543058248942, ""simple_a"": 0.5677704820119681, ""simple_b"": 0.46124318148311955, ""trio_a"": 0.3300049709492434, ""trio_b"": 0.5677704820119681}",True,True,5,0.259787177047239,True,0,0.259787177047239,True,0.15000000000000002,0.10652730052884857,20,40,80,100,300,600,1200,1500,3250,1805,1205,245,305,0.312987012987013,0.08153078202995008,0.20333333333333334,81
parameter-search-v2,profile_0077,"{""cumulative"":{""cumulative_a"":{""cap"":10,""increase"":10,""start"":5},""cumulative_b"":{""cap"":10,""increase"":5,""start"":0}},""group_bonuses"":{""fives"":45,""trio_a"":30,""trio_b"":25},""infinite_scroll"":{""increase"":4,""start"":2},""is_duration_name"":""short"",""is_duration_probabilities"":{""4"":0.4,""5"":0.3,""6"":0.2,""7"":0.1},""is_start_probability"":0.05,""non_is_weights"":{""cumulative_a"":0.1,""cumulative_b"":0.2,""fives"":0.1,""simple_a"":0.15,""simple_b"":0.15,""trio_a"":0.2,""trio_b"":0.1},""profile_id"":""profile_0077"",""simple_tasks"":{""simple_a"":[{""points"":5,""probability"":0.3},{""points"":10,""probability"":0.5},{""points"":15,""probability"":0.2}],""simple_b"":[{""points"":5,""probability"":0.45},{""points"":10,""probability"":0.4},{""points"":15,""probability"":0.15}]}}",600,20,6.226002270526846,9.632774128453544,1.5471844869144926,254.95833333333334,126.91666666666667,128.04166666666666,0.690722683194084,126.68785020760625,1.0088640840446486,0.1267926388888889,False,True,True,True,False,planning-policy diagnostic; not an optimality proof,"{""cumulative_a"": 0.45443592355357065, ""cumulative_b"": 0.7124904507257449, ""fives"": 0.45443592355357065, ""simple_a"": 0.6058556639438992, ""simple_b"": 0.6058556639438992, ""trio_a"": 0.7124904507257449, ""trio_b"": 0.45443592355357065}","{""cumulative_a"": 0.3246049701932055, ""cumulative_b"": 0.559222150398621, ""fives"": 0.3246049701932055, ""simple_a"": 0.4538703943115708, ""simple_b"": 0.4538703943115708, ""trio_a"": 0.559222150398621, ""trio_b"": 0.3246049701932055}",True,True,5,0.25805452717217425,True,5,0.25805452717217425,True,0.15000000000000002,0.0,20,40,80,100,300,600,1200,1500,3250,1805,1205,245,305,0.312987012987013,0.08153078202995008,0.20333333333333334,82
parameter-search-v2,profile_0009,"{""cumulative"":{""cumulative_a"":{""cap"":10,""increase"":5,""start"":0},""cumulative_b"":{""cap"":10,""increase"":5,""start"":0}},""group_bonuses"":{""fives"":40,""trio_a"":30,""trio_b"":30},""infinite_scroll"":{""increase"":4,""start"":2},""is_duration_name"":""short"",""is_duration_probabilities"":{""4"":0.4,""5"":0.3,""6"":0.2,""7"":0.1},""is_start_probability"":0.1,""non_is_weights"":{""cumulative_a"":0.1,""cumulative_b"":0.15,""fives"":0.05,""simple_a"":0.2,""simple_b"":0.15,""trio_a"":0.2,""trio_b"":0.15},""profile_id"":""profile_0009"",""simple_tasks"":{""simple_a"":[{""points"":5,""probability"":0.3},{""points"":10,""probability"":0.5},{""points"":15,""probability"":0.2}],""simple_b"":[{""points"":5,""probability"":0.45},{""points"":10,""probability"":0.4},{""points"":15,""probability"":0.15}]}}",600,20,6.218850927611836,9.625294610895608,1.547760948595678,250.45,124.2475,126.2025,0.7750902369962627,124.68332313548733,1.0157347230326566,0.1445576388888889,False,True,True,True,False,planning-policy diagnostic; not an optimality proof,"{""cumulative_a"": 0.46112244308838735, ""cumulative_b"": 0.613983668550232, ""fives"": 0.2558098763981117, ""simple_a"": 0.7205583374314024, ""simple_b"": 0.613983668550232, ""trio_a"": 0.7205583374314024, ""trio_b"": 0.613983668550232}","{""cumulative_a"": 0.3271643475203847, ""cumulative_b"": 0.4573943342519194, ""fives"": 0.17391007685125334, ""simple_a"": 0.563371286436302, ""simple_b"": 0.4573943342519194, ""trio_a"": 0.563371286436302, ""trio_b"": 0.4573943342519194}",True,True,0,0.1065746688811704,True,0,0.15286122546184466,True,0.15000000000000002,0.1065746688811704,20,40,80,100,300,600,1200,1500,3250,1805,1205,245,305,0.312987012987013,0.08153078202995008,0.20333333333333334,83
parameter-search-v2,profile_0075,"{""cumulative"":{""cumulative_a"":{""cap"":10,""increase"":5,""start"":0},""cumulative_b"":{""cap"":10,""increase"":10,""start"":5}},""group_bonuses"":{""fives"":45,""trio_a"":25,""trio_b"":30},""infinite_scroll"":{""increase"":4,""start"":2},""is_duration_name"":""short"",""is_duration_probabilities"":{""4"":0.4,""5"":0.3,""6"":0.2,""7"":0.1},""is_start_probability"":0.1,""non_is_weights"":{""cumulative_a"":0.1,""cumulative_b"":0.1,""fives"":0.05,""simple_a"":0.15,""simple_b"":0.25,""trio_a"":0.15,""trio_b"":0.2},""profile_id"":""profile_0075"",""simple_tasks"":{""simple_a"":[{""points"":5,""probability"":0.3},{""points"":10,""probability"":0.5},{""points"":15,""probability"":0.2}],""simple_b"":[{""points"":5,""probability"":0.45},{""points"":10,""probability"":0.4},{""points"":15,""probability"":0.15}]}}",600,20,6.167341448774042,9.62214795588695,1.5601775961017468,262.225,128.88541666666666,133.33958333333334,0.639226776658574,132.08669885108253,1.0345591206659663,0.1244540277777778,False,True,True,True,False,planning-policy diagnostic; not an optimality proof,"{""cumulative_a"": 0.47307535945306844, ""cumulative_b"": 0.47307535945306844, ""fives"": 0.26311262267144625, ""simple_a"": 0.6271469758311864, ""simple_b"": 0.8040053986261416, ""trio_a"": 0.6271469758311864, ""trio_b"": 0.7324373081339026}","{""cumulative_a"": 0.3329015841399743, ""cumulative_b"": 0.3329015841399743, ""fives"": 0.1770210998152175, ""simple_a"": 0.4650386507197653, ""simple_b"": 0.6552663238034755, ""trio_a"": 0.4650386507197653, ""trio_b"": 0.571832106661828}",True,True,5,0.10679345594206274,True,5,0.0,True,0.15000000000000002,0.1902276730837102,20,40,80,100,300,600,1200,1500,3250,1805,1205,245,305,0.312987012987013,0.08153078202995008,0.20333333333333334,84
parameter-search-v2,profile_0013,"{""cumulative"":{""cumulative_a"":{""cap"":10,""increase"":5,""start"":0},""cumulative_b"":{""cap"":10,""increase"":5,""start"":10}},""group_bonuses"":{""fives"":40,""trio_a"":30,""trio_b"":25},""infinite_scroll"":{""increase"":3,""start"":5},""is_duration_name"":""short"",""is_duration_probabilities"":{""4"":0.4,""5"":0.3,""6"":0.2,""7"":0.1},""is_start_probability"":0.1,""non_is_weights"":{""cumulative_a"":0.1,""cumulative_b"":0.1,""fives"":0.05,""simple_a"":0.2,""simple_b"":0.3,""trio_a"":0.1,""trio_b"":0.15},""profile_id"":""profile_0013"",""simple_tasks"":{""simple_a"":[{""points"":5,""probability"":0.3},{""points"":10,""probability"":0.5},{""points"":15,""probability"":0.2}],""simple_b"":[{""points"":5,""probability"":0.45},{""points"":10,""probability"":0.4},{""points"":15,""probability"":0.15}]}}",600,20,6.370122547299645,10.0,1.5698285120494415,273.93333333333334,136.06333333333333,137.87,0.6983790756697493,136.5011770116873,1.0132781302824665,0.13605472222222223,False,True,True,True,False,planning-policy diagnostic; not an optimality proof,"{""cumulative_a"": 0.48995390574337944, ""cumulative_b"": 0.48995390574337944, ""fives"": 0.2737745098039216, ""simple_a"": 0.7477517322718561, ""simple_b"": 0.8640351908153765, ""trio_a"": 0.48995390574337944, ""trio_b"": 0.6445768498787073}","{""cumulative_a"": 0.34189389901464207, ""cumulative_b"": 0.34189389901464207, ""fives"": 0.18194281208987093, ""simple_a"": 0.5844054809999083, ""simple_b"": 0.7311536760453169, ""trio_a"": 0.34189389901464207, ""trio_b"": 0.47681633382097777}",True,True,5,0.1546229441353279,True,10,0.0,True,0.15000000000000002,0.1467481950454086,20,40,80,100,300,600,1200,1500,3250,1805,1205,245,305,0.312987012987013,0.08153078202995008,0.20333333333333334,85
parameter-search-v2,profile_0095,"{""cumulative"":{""cumulative_a"":{""cap"":10,""increase"":5,""start"":0},""cumulative_b"":{""cap"":10,""increase"":5,""start"":10}},""group_bonuses"":{""fives"":40,""trio_a"":25,""trio_b"":25},""infinite_scroll"":{""increase"":3,""start"":5},""is_duration_name"":""long"",""is_duration_probabilities"":{""4"":0.1,""5"":0.2,""6"":0.3,""7"":0.4},""is_start_probability"":0.05,""non_is_weights"":{""cumulative_a"":0.1,""cumulative_b"":0.15,""fives"":0.05,""simple_a"":0.25,""simple_b"":0.2,""trio_a"":0.15,""trio_b"":0.1},""profile_id"":""profile_0095"",""simple_tasks"":{""simple_a"":[{""points"":5,""probability"":0.3},{""points"":10,""probability"":0.5},{""points"":15,""probability"":0.2}],""simple_b"":[{""points"":5,""probability"":0.45},{""points"":10,""probability"":0.4},{""points"":15,""probability"":0.15}]}}",600,20,6.36436148179035,10.0,1.5712495320405517,281.89166666666665,137.40083333333334,144.49083333333334,0.562100224804182,143.38911689271714,1.0516008515232198,0.1261884722222222,False,True,True,True,False,planning-policy diagnostic; not an optimality proof,"{""cumulative_a"": 0.47307535945306844, ""cumulative_b"": 0.6271469758311864, ""fives"": 0.26311262267144625, ""simple_a"": 0.8040053986261417, ""simple_b"": 0.7324373081339026, ""trio_a"": 0.6271469758311864, ""trio_b"": 0.47307535945306844}","{""cumulative_a"": 0.3329015841399743, ""cumulative_b"": 0.4650386507197653, ""fives"": 0.1770210998152175, ""simple_a"": 0.6552663238034756, ""simple_b"": 0.5718321066618282, ""trio_a"": 0.4650386507197653, ""trio_b"": 0.3329015841399743}",True,True,0,0.15407161637811795,True,10,0.15407161637811795,True,0.15000000000000002,0.08343421714164745,20,40,80,100,300,600,1200,1500,3250,1805,1205,245,305,0.312987012987013,0.08153078202995008,0.20333333333333334,86
parameter-search-v2,profile_0079,"{""cumulative"":{""cumulative_a"":{""cap"":10,""increase"":5,""start"":10},""cumulative_b"":{""cap"":10,""increase"":5,""start"":10}},""group_bonuses"":{""fives"":40,""trio_a"":30,""trio_b"":25},""infinite_scroll"":{""increase"":3,""start"":5},""is_duration_name"":""short"",""is_duration_probabilities"":{""4"":0.4,""5"":0.3,""6"":0.2,""7"":0.1},""is_start_probability"":0.05,""non_is_weights"":{""cumulative_a"":0.15,""cumulative_b"":0.1,""fives"":0.05,""simple_a"":0.2,""simple_b"":0.2,""trio_a"":0.1,""trio_b"":0.2},""profile_id"":""profile_0079"",""simple_tasks"":{""simple_a"":[{""points"":5,""probability"":0.3},{""points"":10,""probability"":0.5},{""points"":15,""probability"":0.2}],""simple_b"":[{""points"":5,""probability"":0.45},{""points"":10,""probability"":0.4},{""points"":15,""probability"":0.15}]}}",600,20,6.337050175299887,10.0,1.578021275415698,265.325,151.48625,113.83875,0.6309038608119052,112.60217843280867,0.751479094637302,0.16123763888888887,False,True,True,True,False,planning-policy diagnostic; not an optimality proof,"{""cumulative_a"": 0.6216992372952125, ""cumulative_b"": 0.4678284821473676, ""fives"": 0.25979682082623257, ""simple_a"": 0.7276156591946066, ""simple_b"": 0.7276156591946066, ""trio_a"": 0.4678284821473676, ""trio_b"": 0.7276156591946066}","{""cumulative_a"": 0.46124318148311955, ""cumulative_b"": 0.3300049709492434, ""fives"": 0.17543543058248942, ""simple_a"": 0.5677704820119681, ""simple_b"": 0.5677704820119681, ""trio_a"": 0.3300049709492434, ""trio_b"": 0.5677704820119681}",True,True,5,0.25978717704723897,True,0,0.15387075514784487,True,0.15000000000000002,0.0,20,40,80,100,300,600,1200,1500,3250,1805,1205,245,305,0.312987012987013,0.08153078202995008,0.20333333333333334,87
parameter-search-v2,profile_0023,"{""cumulative"":{""cumulative_a"":{""cap"":10,""increase"":5,""start"":10},""cumulative_b"":{""cap"":10,""increase"":5,""start"":10}},""group_bonuses"":{""fives"":40,""trio_a"":30,""trio_b"":30},""infinite_scroll"":{""increase"":3,""start"":5},""is_duration_name"":""short"",""is_duration_probabilities"":{""4"":0.4,""5"":0.3,""6"":0.2,""7"":0.1},""is_start_probability"":0.05,""non_is_weights"":{""cumulative_a"":0.2,""cumulative_b"":0.15,""fives"":0.05,""simple_a"":0.2,""simple_b"":0.15,""trio_a"":0.1,""trio_b"":0.15},""profile_id"":""profile_0023"",""simple_tasks"":{""simple_a"":[{""points"":5,""probability"":0.3},{""points"":10,""probability"":0.5},{""points"":15,""probability"":0.2}],""simple_b"":[{""points"":5,""probability"":0.45},{""points"":10,""probability"":0.4},{""points"":15,""probability"":0.15}]}}",600,20,6.324409585433609,10.0,1.581175264649528,253.34166666666667,157.65041666666667,95.69125,0.7340610478997532,94.25249034611647,0.60698380647054,0.17105791666666667,False,True,True,True,False,planning-policy diagnostic; not an optimality proof,"{""cumulative_a"": 0.7205583374314024, ""cumulative_b"": 0.613983668550232, ""fives"": 0.2558098763981117, ""simple_a"": 0.7205583374314024, ""simple_b"": 0.613983668550232, ""trio_a"": 0.46112244308838735, ""trio_b"": 0.613983668550232}","{""cumulative_a"": 0.563371286436302, ""cumulative_b"": 0.4573943342519194, ""fives"": 0.17391007685125334, ""simple_a"": 0.563371286436302, ""simple_b"": 0.4573943342519194, ""trio_a"": 0.3271643475203847, ""trio_b"": 0.4573943342519194}",True,True,0,0.15286122546184466,True,0,0.1065746688811704,True,0.15000000000000002,0.1065746688811704,20,40,80,100,300,600,1200,1500,3250,1805,1205,245,305,0.312987012987013,0.08153078202995008,0.20333333333333334,88
parameter-search-v2,profile_0030,"{""cumulative"":{""cumulative_a"":{""cap"":10,""increase"":5,""start"":10},""cumulative_b"":{""cap"":10,""increase"":5,""start"":5}},""group_bonuses"":{""fives"":40,""trio_a"":30,""trio_b"":25},""infinite_scroll"":{""increase"":4,""start"":2},""is_duration_name"":""uniform"",""is_duration_probabilities"":{""4"":0.25,""5"":0.25,""6"":0.25,""7"":0.25},""is_start_probability"":0.1,""non_is_weights"":{""cumulative_a"":0.15,""cumulative_b"":0.15,""fives"":0.05,""simple_a"":0.3,""simple_b"":0.15,""trio_a"":0.1,""trio_b"":0.1},""profile_id"":""profile_0030"",""simple_tasks"":{""simple_a"":[{""points"":5,""probability"":0.3},{""points"":10,""probability"":0.5},{""points"":15,""probability"":0.2}],""simple_b"":[{""points"":5,""probability"":0.45},{""points"":10,""probability"":0.4},{""points"":15,""probability"":0.15}]}}",600,20,6.315763745864817,10.0,1.583339783180997,268.425,140.62,127.805,0.6714916037042442,126.48887645673969,0.9088678708576305,0.13834138888888886,False,True,True,True,False,planning-policy diagnostic; not an optimality proof,"{""cumulative_a"": 0.6361161928886387, ""cumulative_b"": 0.6361161928886387, ""fives"": 0.26886765195588724, ""simple_a"": 0.859001988723351, ""simple_b"": 0.6361161928886387, ""trio_a"": 0.4818908903274228, ""trio_b"": 0.4818908903274228}","{""cumulative_a"": 0.4721308232531143, ""cumulative_b"": 0.4721308232531143, ""fives"": 0.18013857057974705, ""simple_a"": 0.7264779596048946, ""simple_b"": 0.4721308232531143, ""trio_a"": 0.33849550002800777, ""trio_b"": 0.33849550002800777}",True,True,5,0.0,True,5,0.0,True,0.15000000000000002,0.2543471363517803,20,40,80,100,300,600,1200,1500,3250,1805,1205,245,305,0.312987012987013,0.08153078202995008,0.20333333333333334,89
parameter-search-v2,profile_0038,"{""cumulative"":{""cumulative_a"":{""cap"":10,""increase"":5,""start"":0},""cumulative_b"":{""cap"":10,""increase"":5,""start"":10}},""group_bonuses"":{""fives"":40,""trio_a"":25,""trio_b"":30},""infinite_scroll"":{""increase"":4,""start"":2},""is_duration_name"":""long"",""is_duration_probabilities"":{""4"":0.1,""5"":0.2,""6"":0.3,""7"":0.4},""is_start_probability"":0.05,""non_is_weights"":{""cumulative_a"":0.1,""cumulative_b"":0.15,""fives"":0.05,""simple_a"":0.25,""simple_b"":0.15,""trio_a"":0.15,""trio_b"":0.15},""profile_id"":""profile_0038"",""simple_tasks"":{""simple_a"":[{""points"":5,""probability"":0.3},{""points"":10,""probability"":0.5},{""points"":15,""probability"":0.2}],""simple_b"":[{""points"":5,""probability"":0.45},{""points"":10,""probability"":0.4},{""points"":15,""probability"":0.15}]}}",600,20,6.3052118830034365,10.0,1.5859895251032519,264.93333333333334,137.28583333333333,127.6475,0.6691715869841859,126.33592368951099,0.9297936786388495,0.13930055555555554,False,True,True,True,False,planning-policy diagnostic; not an optimality proof,"{""cumulative_a"": 0.46606407008883793, ""cumulative_b"": 0.6192649069197057, ""fives"": 0.2589175530352001, ""simple_a"": 0.7979587491971393, ""simple_b"": 0.6192649069197057, ""trio_a"": 0.6192649069197057, ""trio_b"": 0.6192649069197057}","{""cumulative_a"": 0.3299277605779154, ""cumulative_b"": 0.4609900032887649, ""fives"": 0.17542914601738133, ""simple_a"": 0.6506830802496437, ""simple_b"": 0.4609900032887649, ""trio_a"": 0.4609900032887649, ""trio_b"": 0.4609900032887649}",True,True,5,0.0,True,10,0.15320083683086777,True,0.15000000000000002,0.18969307696087884,20,40,80,100,300,600,1200,1500,3250,1805,1205,245,305,0.312987012987013,0.08153078202995008,0.20333333333333334,90
parameter-search-v2,profile_0054,"{""cumulative"":{""cumulative_a"":{""cap"":10,""increase"":5,""start"":10},""cumulative_b"":{""cap"":10,""increase"":5,""start"":0}},""group_bonuses"":{""fives"":40,""trio_a"":30,""trio_b"":30},""infinite_scroll"":{""increase"":4,""start"":2},""is_duration_name"":""long"",""is_duration_probabilities"":{""4"":0.1,""5"":0.2,""6"":0.3,""7"":0.4},""is_start_probability"":0.05,""non_is_weights"":{""cumulative_a"":0.1,""cumulative_b"":0.2,""fives"":0.05,""simple_a"":0.15,""simple_b"":0.2,""trio_a"":0.1,""trio_b"":0.2},""profile_id"":""profile_0054"",""simple_tasks"":{""simple_a"":[{""points"":5,""probability"":0.3},{""points"":10,""probability"":0.5},{""points"":15,""probability"":0.2}],""simple_b"":[{""points"":5,""probability"":0.45},{""points"":10,""probability"":0.4},{""points"":15,""probability"":0.15}]}}",600,20,6.282457977091268,10.0,1.5917336871117325,248.825,138.02833333333334,110.79666666666667,0.7618552782742379,109.30343032124917,0.8027095886110339,0.1620752777777778,False,True,True,True,False,planning-policy diagnostic; not an optimality proof,"{""cumulative_a"": 0.46782848214736766, ""cumulative_b"": 0.7276156591946066, ""fives"": 0.2597968208262326, ""simple_a"": 0.6216992372952125, ""simple_b"": 0.7276156591946066, ""trio_a"": 0.4678284821473676, ""trio_b"": 0.7276156591946066}","{""cumulative_a"": 0.3300049709492434, ""cumulative_b"": 0.5677704820119681, ""fives"": 0.17543543058248942, ""simple_a"": 0.46124318148311955, ""simple_b"": 0.5677704820119681, ""trio_a"": 0.3300049709492434, ""trio_b"": 0.5677704820119681}",True,True,0,0.25978717704723897,True,10,0.2597871770472389,True,0.15000000000000002,0.10652730052884857,20,40,80,100,300,600,1200,1500,3250,1805,1205,245,305,0.312987012987013,0.08153078202995008,0.20333333333333334,91
parameter-search-v2,profile_0034,"{""cumulative"":{""cumulative_a"":{""cap"":10,""increase"":5,""start"":10},""cumulative_b"":{""cap"":10,""increase"":10,""start"":5}},""group_bonuses"":{""fives"":45,""trio_a"":30,""trio_b"":25},""infinite_scroll"":{""increase"":4,""start"":2},""is_duration_name"":""short"",""is_duration_probabilities"":{""4"":0.4,""5"":0.3,""6"":0.2,""7"":0.1},""is_start_probability"":0.1,""non_is_weights"":{""cumulative_a"":0.2,""cumulative_b"":0.1,""fives"":0.1,""simple_a"":0.15,""simple_b"":0.15,""trio_a"":0.1,""trio_b"":0.2},""profile_id"":""profile_0034"",""simple_tasks"":{""simple_a"":[{""points"":5,""probability"":0.3},{""points"":10,""probability"":0.5},{""points"":15,""probability"":0.2}],""simple_b"":[{""points"":5,""probability"":0.45},{""points"":10,""probability"":0.4},{""points"":15,""probability"":0.15}]}}",600,20,6.2151747787333615,10.0,1.6089652111180013,249.75,135.36208333333335,114.38791666666667,0.6306283025007289,113.15188519376524,0.8450513899448701,0.15384375,False,True,True,True,False,planning-policy diagnostic; not an optimality proof,"{""cumulative_a"": 0.7124904507257449, ""cumulative_b"": 0.45443592355357065, ""fives"": 0.4544359235535707, ""simple_a"": 0.6058556639438992, ""simple_b"": 0.6058556639438992, ""trio_a"": 0.4544359235535707, ""trio_b"": 0.7124904507257449}","{""cumulative_a"": 0.559222150398621, ""cumulative_b"": 0.3246049701932055, ""fives"": 0.3246049701932055, ""simple_a"": 0.4538703943115708, ""simple_b"": 0.4538703943115708, ""trio_a"": 0.3246049701932055, ""trio_b"": 0.559222150398621}",True,True,5,0.2580545271721742,True,5,0.25805452717217425,True,0.15000000000000002,0.0,20,40,80,100,300,600,1200,1500,3250,1805,1205,245,305,0.312987012987013,0.08153078202995008,0.20333333333333334,92
parameter-search-v2,profile_0050,"{""cumulative"":{""cumulative_a"":{""cap"":10,""increase"":5,""start"":10},""cumulative_b"":{""cap"":10,""increase"":5,""start"":5}},""group_bonuses"":{""fives"":40,""trio_a"":30,""trio_b"":25},""infinite_scroll"":{""increase"":4,""start"":2},""is_duration_name"":""long"",""is_duration_probabilities"":{""4"":0.1,""5"":0.2,""6"":0.3,""7"":0.4},""is_start_probability"":0.1,""non_is_weights"":{""cumulative_a"":0.1,""cumulative_b"":0.15,""fives"":0.05,""simple_a"":0.2,""simple_b"":0.2,""trio_a"":0.15,""trio_b"":0.15},""profile_id"":""profile_0050"",""simple_tasks"":{""simple_a"":[{""points"":5,""probability"":0.3},{""points"":10,""probability"":0.5},{""points"":15,""probability"":0.2}],""simple_b"":[{""points"":5,""probability"":0.45},{""points"":10,""probability"":0.4},{""points"":15,""probability"":0.15}]}}",600,20,6.212012841583615,10.0,1.6097841802675221,263.90833333333336,140.79458333333332,123.11375,0.6540830495262189,121.83174722292861,0.8744210685188528,0.14601166666666668,False,True,True,True,False,planning-policy diagnostic; not an optimality proof,"{""cumulative_a"": 0.4611224430883874, ""cumulative_b"": 0.613983668550232, ""fives"": 0.2558098763981117, ""simple_a"": 0.7205583374314025, ""simple_b"": 0.7205583374314025, ""trio_a"": 0.613983668550232, ""trio_b"": 0.613983668550232}","{""cumulative_a"": 0.3271643475203847, ""cumulative_b"": 0.4573943342519194, ""fives"": 0.17391007685125334, ""simple_a"": 0.563371286436302, ""simple_b"": 0.563371286436302, ""trio_a"": 0.4573943342519194, ""trio_b"": 0.4573943342519194}",True,True,5,0.0,True,5,0.1528612254618446,True,0.15000000000000002,0.0,20,40,80,100,300,600,1200,1500,3250,1805,1205,245,305,0.312987012987013,0.08153078202995008,0.20333333333333334,93
parameter-search-v2,profile_0091,"{""cumulative"":{""cumulative_a"":{""cap"":10,""increase"":5,""start"":10},""cumulative_b"":{""cap"":10,""increase"":5,""start"":5}},""group_bonuses"":{""fives"":45,""trio_a"":25,""trio_b"":30},""infinite_scroll"":{""increase"":4,""start"":2},""is_duration_name"":""short"",""is_duration_probabilities"":{""4"":0.4,""5"":0.3,""6"":0.2,""7"":0.1},""is_start_probability"":0.1,""non_is_weights"":{""cumulative_a"":0.1,""cumulative_b"":0.15,""fives"":0.05,""simple_a"":0.15,""simple_b"":0.2,""trio_a"":0.15,""trio_b"":0.2},""profile_id"":""profile_0091"",""simple_tasks"":{""simple_a"":[{""points"":5,""probability"":0.3},{""points"":10,""probability"":0.5},{""points"":15,""probability"":0.2}],""simple_b"":[{""points"":5,""probability"":0.45},{""points"":10,""probability"":0.4},{""points"":15,""probability"":0.15}]}}",600,20,6.210865154825847,10.0,1.6100816473579356,256.9583333333333,141.54,115.41833333333334,0.6368277022492569,114.17015103692479,0.8154467523903727,0.14285055555555556,False,True,True,True,False,planning-policy diagnostic; not an optimality proof,"{""cumulative_a"": 0.4611224430883874, ""cumulative_b"": 0.613983668550232, ""fives"": 0.2558098763981117, ""simple_a"": 0.613983668550232, ""simple_b"": 0.7205583374314024, ""trio_a"": 0.613983668550232, ""trio_b"": 0.7205583374314024}","{""cumulative_a"": 0.3271643475203847, ""cumulative_b"": 0.4573943342519194, ""fives"": 0.17391007685125334, ""simple_a"": 0.4573943342519194, ""simple_b"": 0.563371286436302, ""trio_a"": 0.4573943342519194, ""trio_b"": 0.563371286436302}",True,True,5,0.1065746688811704,True,5,0.1528612254618446,True,0.15000000000000002,0.1065746688811704,20,40,80,100,300,600,1200,1500,3250,1805,1205,245,305,0.312987012987013,0.08153078202995008,0.20333333333333334,94
parameter-search-v2,profile_0014,"{""cumulative"":{""cumulative_a"":{""cap"":10,""increase"":5,""start"":0},""cumulative_b"":{""cap"":10,""increase"":5,""start"":10}},""group_bonuses"":{""fives"":40,""trio_a"":25,""trio_b"":30},""infinite_scroll"":{""increase"":4,""start"":2},""is_duration_name"":""short"",""is_duration_probabilities"":{""4"":0.4,""5"":0.3,""6"":0.2,""7"":0.1},""is_start_probability"":0.05,""non_is_weights"":{""cumulative_a"":0.1,""cumulative_b"":0.2,""fives"":0.1,""simple_a"":0.25,""simple_b"":0.15,""trio_a"":0.1,""trio_b"":0.1},""profile_id"":""profile_0014"",""simple_tasks"":{""simple_a"":[{""points"":5,""probability"":0.3},{""points"":10,""probability"":0.5},{""points"":15,""probability"":0.2}],""simple_b"":[{""points"":5,""probability"":0.45},{""points"":10,""probability"":0.4},{""points"":15,""probability"":0.15}]}}",600,20,6.210265985886919,10.0,1.6102369886773618,267.03333333333336,131.82291666666666,135.21041666666667,0.6930850768486014,133.8519699160434,1.0256973528249704,0.14829055555555556,False,True,True,True,False,planning-policy diagnostic; not an optimality proof,"{""cumulative_a"": 0.46553103758986114, ""cumulative_b"": 0.7236195177371648, ""fives"": 0.46553103758986114, ""simple_a"": 0.7962576639047227, ""simple_b"": 0.6179986679986681, ""trio_a"": 0.46553103758986114, ""trio_b"": 0.46553103758986114}","{""cumulative_a"": 0.33018599048010816, ""cumulative_b"": 0.5673705379587733, ""fives"": 0.33018599048010816, ""simple_a"": 0.650605113840408, ""simple_b"": 0.46128038628038626, ""trio_a"": 0.33018599048010816, ""trio_b"": 0.33018599048010816}",True,True,5,0.0,True,10,0.2580884801473037,True,0.15000000000000002,0.18932472756002172,20,40,80,100,300,600,1200,1500,3250,1805,1205,245,305,0.312987012987013,0.08153078202995008,0.20333333333333334,95
parameter-search-v2,profile_0080,"{""cumulative"":{""cumulative_a"":{""cap"":10,""increase"":5,""start"":10},""cumulative_b"":{""cap"":10,""increase"":10,""start"":5}},""group_bonuses"":{""fives"":40,""trio_a"":30,""trio_b"":30},""infinite_scroll"":{""increase"":4,""start"":2},""is_duration_name"":""short"",""is_duration_probabilities"":{""4"":0.4,""5"":0.3,""6"":0.2,""7"":0.1},""is_start_probability"":0.1,""non_is_weights"":{""cumulative_a"":0.1,""cumulative_b"":0.1,""fives"":0.05,""simple_a"":0.3,""simple_b"":0.2,""trio_a"":0.1,""trio_b"":0.15},""profile_id"":""profile_0080"",""simple_tasks"":{""simple_a"":[{""points"":5,""probability"":0.3},{""points"":10,""probability"":0.5},{""points"":15,""probability"":0.2}],""simple_b"":[{""points"":5,""probability"":0.45},{""points"":10,""probability"":0.4},{""points"":15,""probability"":0.15}]}}",600,20,6.18229575898778,10.0,1.6175220969430437,274.60833333333335,142.905,131.70333333333335,0.8652257455713397,130.00749087201353,0.9216145924448644,0.15644194444444445,False,True,True,True,False,planning-policy diagnostic; not an optimality proof,"{""cumulative_a"": 0.48995390574337944, ""cumulative_b"": 0.48995390574337944, ""fives"": 0.2737745098039216, ""simple_a"": 0.8640351908153765, ""simple_b"": 0.7477517322718561, ""trio_a"": 0.48995390574337944, ""trio_b"": 0.6445768498787074}","{""cumulative_a"": 0.34189389901464207, ""cumulative_b"": 0.34189389901464207, ""fives"": 0.18194281208987093, ""simple_a"": 0.7311536760453169, ""simple_b"": 0.5844054809999083, ""trio_a"": 0.34189389901464207, ""trio_b"": 0.47681633382097777}",True,True,0,0.154622944135328,True,5,0.0,True,0.15000000000000002,0.1467481950454086,20,40,80,100,300,600,1200,1500,3250,1805,1205,245,305,0.312987012987013,0.08153078202995008,0.20333333333333334,96
