search_version,profile_id,task_id,mean_start_now_points_per_card,start_now_rounds_1_20_mean,start_now_rounds_21_60_mean,start_now_rounds_61_80_mean,start_now_round_min,start_now_round_max,start_now_round_coverage,mean_ordinary_appearances,mean_planning_policy_selections,selection_rate_when_available,mean_planning_policy_contribution,inclusion_probability_without_is,inclusion_probability_during_is
parameter-search-v2,profile_0001,trio_a,7.981715260020574,8.333333333333359,8.333333333333359,6.926861040082221,0.0,8.333333333333368,1.0,46.99,0.0,0.0,0.0,0.617998667998668,0.46128038628038626
parameter-search-v2,profile_0001,trio_b,9.421758190077371,10.0,10.0,7.687032760309481,0.0,10.0,1.0,35.041666666666664,2.111666666666667,0.060261593341260404,10.8,0.46553103758986114,0.33018599048010816
parameter-search-v2,profile_0001,fives,7.089469473616944,8.0,7.999233716475096,4.359410461517587,0.0,8.0,1.0,34.968333333333334,0.0,0.0,0.0,0.46553103758986114,0.33018599048010816
parameter-search-v2,profile_0001,cumulative_a,8.29123645047579,9.249741600538622,9.029253001615084,5.856698198134375,0.0,9.25,1.0,34.99333333333333,0.0,0.0,0.0,0.46553103758986114,0.33018599048010816
parameter-search-v2,profile_0001,cumulative_b,9.382556063498567,9.749810444945275,9.676256267059715,8.427901274929564,5.0,9.75,1.0,35.335,0.0,0.0,0.0,0.46553103758986114,0.33018599048010816
parameter-search-v2,profile_0001,infinite_scroll,8.17633894862104,8.54652444275013,8.196741923291384,7.7653475051512615,5.0,11.173076923076923,1.0,15.51,0.0,0.0,0.0,1.0,1.0
parameter-search-v2,profile_0001,simple_a,9.510953893984452,9.503613833836123,9.492148898560112,9.555903944981461,8.995535714285714,9.870967741935484,1.0,61.583333333333336,11.566666666666666,0.1878213802435724,167.15,0.7962576639047227,0.650605113840408
parameter-search-v2,profile_0001,simple_b,8.519507291426558,8.588932273876303,8.495484223225896,8.49812844537814,8.179611650485437,9.068627450980392,1.0,55.57833333333333,6.321666666666666,0.1137433652202597,92.60833333333333,0.7236195177371649,0.5673705379587733
parameter-search-v2,profile_0002,trio_a,7.84316346069525,8.333333333333314,8.333333333333316,6.372653842781053,0.0,8.333333333333334,1.0,34.89,0.0,0.0,0.0,0.4607142857142857,0.32738095238095244
parameter-search-v2,profile_0002,trio_b,9.420227964172067,10.0,9.998979591836735,7.682952673014796,0.0,10.0,1.0,34.78333333333333,2.6883333333333335,0.07728797316722569,15.8,0.4607142857142857,0.32738095238095244
parameter-search-v2,profile_0002,fives,7.968198333503795,9.0,8.99677707373272,4.879239186549744,0.0,9.0,1.0,34.723333333333336,0.0,0.0,0.0,0.4607142857142857,0.32738095238095244
parameter-search-v2,profile_0002,cumulative_a,9.375708709306032,9.749795245289057,9.6716216207689,8.409796350397269,5.0,9.75,1.0,34.718333333333334,0.0,0.0,0.0,0.4607142857142857,0.32738095238095244
parameter-search-v2,profile_0002,cumulative_b,8.632159022405087,9.25,9.215237875847759,6.848160337924827,0.0,9.25,1.0,55.1,0.0,0.0,0.0,0.719047619047619,0.5634920634920636
parameter-search-v2,profile_0002,infinite_scroll,8.139873565654158,8.435005285027907,8.171968087818783,7.780552801951158,5.0,10.671875,1.0,15.636666666666667,0.0,0.0,0.0,1.0,1.0
parameter-search-v2,profile_0002,simple_a,9.469269792622926,9.4652040176482,9.503783330305772,9.404308492231962,9.048192771084338,9.894366197183098,1.0,55.01,10.56,0.19196509725504454,151.45,0.719047619047619,0.5634920634920636
parameter-search-v2,profile_0002,simple_b,8.510725548497387,8.513914859009995,8.522394321908955,8.484198691161648,8.201970443349754,8.861985472154963,1.0,55.138333333333335,6.751666666666667,0.12244959646948583,98.25,0.719047619047619,0.5634920634920636
parameter-search-v2,profile_0003,trio_a,9.561668160012394,10.0,10.0,8.246672640049574,0.0,10.0,1.0,45.16166666666667,3.39,0.07506366018378419,24.05,0.6216992372952125,0.46124318148311955
parameter-search-v2,profile_0003,trio_b,7.831025078074134,8.33333333333331,8.33333333333331,6.324100312296606,0.0,8.333333333333329,1.0,33.69166666666667,0.0,0.0,0.0,0.4678284821473676,0.3300049709492434
parameter-search-v2,profile_0003,fives,6.981460577606313,9.0,8.44668773987612,2.0324668306730147,0.0,9.0,1.0,18.39666666666667,0.0,0.0,0.0,0.25979682082623257,0.17543543058248942
parameter-search-v2,profile_0003,cumulative_a,9.508087932325692,9.75,9.736887358550307,8.808577012202154,5.0,9.75,1.0,53.67666666666667,0.0,0.0,0.0,0.7276156591946067,0.5677704820119681
parameter-search-v2,profile_0003,cumulative_b,9.359982507309633,9.749681340896473,9.665754280853736,8.358740126634588,5.0,9.75,1.0,33.695,0.0,0.0,0.0,0.46782848214736766,0.3300049709492434
parameter-search-v2,profile_0003,infinite_scroll,6.7050305376080415,7.214758403806769,6.65696741421642,6.291428918192555,2.0,11.03448275862069,1.0,28.448333333333334,0.0,0.0,0.0,1.0,1.0
parameter-search-v2,profile_0003,simple_a,9.499689689839931,9.552396115112177,9.476430563897008,9.49350151645353,9.160756501182034,9.915865384615385,1.0,53.44166666666667,10.285,0.19245283018867926,148.75,0.7276156591946066,0.5677704820119681
parameter-search-v2,profile_0003,simple_b,8.47936019675435,8.508446781831397,8.473063806081466,8.462866393023074,8.031784841075794,8.832923832923832,1.0,53.48833333333334,6.325,0.11825008568846788,92.89166666666667,0.7276156591946066,0.5677704820119681
parameter-search-v2,profile_0004,trio_a,7.846908742832118,8.333333333333313,8.33333333333331,6.3876349713285325,0.0,8.333333333333329,1.0,34.07,0.0,0.0,0.0,0.4607142857142857,0.32738095238095244
parameter-search-v2,profile_0004,trio_b,9.429447609598466,10.0,10.0,7.717790438393858,0.0,10.0,1.0,34.33,2.6466666666666665,0.07709486357898825,16.25,0.4607142857142857,0.32738095238095244
parameter-search-v2,profile_0004,fives,7.9377138069978015,9.0,8.994876994593,4.7611012388052085,0.0,9.0,1.0,34.42166666666667,0.0,0.0,0.0,0.4607142857142857,0.32738095238095244
parameter-search-v2,profile_0004,cumulative_a,8.259178094403314,9.249299893956826,9.006823121304077,5.773766241048281,0.0,9.25,1.0,34.42666666666667,0.0,0.0,0.0,0.4607142857142857,0.32738095238095244
parameter-search-v2,profile_0004,cumulative_b,8.633761683939063,9.25,9.212346807227913,6.860353121300432,0.0,9.25,1.0,54.56666666666667,0.0,0.0,0.0,0.719047619047619,0.5634920634920636
parameter-search-v2,profile_0004,infinite_scroll,8.891889400344974,9.40901166227466,8.872466436697348,8.413613065710537,5.0,12.44,1.0,18.378333333333334,0.0,0.0,0.0,1.0,1.0
parameter-search-v2,profile_0004,simple_a,9.481236495318369,9.469011824566213,9.475734460780538,9.504465235146185,9.1371158392435,9.914841849148418,1.0,55.141666666666666,10.705,0.19413631555085387,153.125,0.719047619047619,0.5634920634920636
parameter-search-v2,profile_0004,simple_b,8.492186143856589,8.517239893868467,8.476611253093711,8.498282175370473,8.129675810473815,8.977011494252874,1.0,54.665,6.648333333333333,0.12161956157199914,96.35,0.719047619047619,0.5634920634920636
parameter-search-v2,profile_0005,trio_a,9.612509201335659,10.0,10.0,8.450036805342634,0.0,10.0,1.0,52.705,4.988333333333333,0.09464630174240268,39.7,0.7124904507257449,0.559222150398621
parameter-search-v2,profile_0005,trio_b,7.952144217830517,8.333333333333352,8.33333333333335,6.808576871322018,0.0,8.33333333333336,1.0,44.175,0.0,0.0,0.0,0.6058556639438992,0.4538703943115707
parameter-search-v2,profile_0005,fives,7.0145739179817195,8.0,7.994304730452939,4.069686211021004,0.0,8.0,1.0,32.535,0.0,0.0,0.0,0.45443592355357065,0.3246049701932055
parameter-search-v2,profile_0005,cumulative_a,8.220714752748679,9.249028395704213,8.978732311018714,5.676365993253072,0.0,9.25,1.0,33.1,0.0,0.0,0.0,0.45443592355357065,0.3246049701932055
parameter-search-v2,profile_0005,cumulative_b,9.354306343050819,9.749660137270734,9.658338829457849,8.350887576016842,5.0,9.75,1.0,32.93333333333333,0.0,0.0,0.0,0.45443592355357065,0.3246049701932055
parameter-search-v2,profile_0005,infinite_scroll,8.530861354931897,8.96806255322104,8.541059066382356,8.07326473374184,5.0,11.698275862068966,1.0,27.155,0.0,0.0,0.0,1.0,1.0
parameter-search-v2,profile_0005,simple_a,9.500078357579453,9.482656135537969,9.486304812225384,9.545047670329073,9.033942558746736,9.814356435643564,1.0,53.041666666666664,9.831666666666667,0.18535742340926945,142.36666666666667,0.7124904507257448,0.559222150398621
parameter-search-v2,profile_0005,simple_b,8.477092627404192,8.520109127250223,8.451087241891774,8.486086898582997,8.130841121495328,9.0,1.0,44.355,5.18,0.11678502987261864,75.6,0.6058556639438992,0.4538703943115707
parameter-search-v2,profile_0006,trio_a,9.630015852305538,10.0,10.0,8.520063409222153,0.0,10.0,1.0,53.928333333333335,3.756666666666667,0.06966035170133202,27.2,0.7324373081339025,0.571832106661828
parameter-search-v2,profile_0006,trio_b,9.393530641609873,10.0,10.0,7.574122566439489,0.0,10.0,1.0,33.733333333333334,0.915,0.027124505928853754,1.75,0.47307535945306844,0.3329015841399743
parameter-search-v2,profile_0006,fives,6.306410786170032,8.0,7.6293039375618275,1.9670352695564717,0.0,8.0,1.0,18.836666666666666,0.0,0.0,0.0,0.26311262267144625,0.1770210998152175
parameter-search-v2,profile_0006,cumulative_a,8.267769899519303,9.249536297470634,9.006504341913153,5.808534616780274,0.0,9.25,1.0,33.93666666666667,0.0,0.0,0.0,0.47307535945306844,0.3329015841399743
parameter-search-v2,profile_0006,cumulative_b,9.466094401225455,9.75,9.721159286888527,8.672059031124764,5.0,9.75,1.0,45.306666666666665,0.0,0.0,0.0,0.6271469758311863,0.4650386507197653
parameter-search-v2,profile_0006,infinite_scroll,6.736920884095066,7.254591796662993,6.752122181485765,6.188847376745743,2.0,10.845070422535212,1.0,28.628333333333334,0.0,0.0,0.0,1.0,1.0
parameter-search-v2,profile_0006,simple_a,9.514684349951647,9.561941276774807,9.497412113645755,9.50197189574027,8.946784922394679,9.934782608695652,1.0,60.185,10.341666666666667,0.17183129794245522,153.00833333333333,0.8040053986261416,0.6552663238034755
parameter-search-v2,profile_0006,simple_b,8.521388114922326,8.508238252578678,8.550167611000136,8.476978985110355,8.041666666666666,8.951841359773372,1.0,45.445,4.986666666666666,0.10972970990574687,74.19166666666666,0.6271469758311864,0.46503865071976525
parameter-search-v2,profile_0007,trio_a,9.63589246428562,10.0,10.0,8.54356985714248,0.0,10.0,1.0,54.43666666666667,4.96,0.09111505725307698,39.6,0.7138395660067488,0.5591552410437859
parameter-search-v2,profile_0007,trio_b,9.564836780340897,10.0,10.0,8.259347121363591,0.0,10.0,1.0,45.795,1.45,0.03166284528878698,5.2,0.6068133878505396,0.45368284965808187
parameter-search-v2,profile_0007,fives,7.116568992776611,9.0,8.632258015796083,2.2017599395142784,0.0,9.0,1.0,19.161666666666665,0.0,0.0,0.0,0.2520934947405536,0.17243051066580478
parameter-search-v2,profile_0007,cumulative_a,10.0,10.0,10.0,10.0,10.0,10.0,1.0,46.053333333333335,0.5383333333333333,0.011689345686160972,5.383333333333334,0.6068133878505396,0.45368284965808187
parameter-search-v2,profile_0007,cumulative_b,9.469201186070334,9.75,9.722896999330828,8.681010745619684,5.0,9.75,1.0,46.335,0.0,0.0,0.0,0.6068133878505396,0.45368284965808187
parameter-search-v2,profile_0007,infinite_scroll,8.159559418167927,8.532997271374036,8.130851964172837,7.843536472951992,5.0,11.05,1.0,15.821666666666667,0.0,0.0,0.0,1.0,1.0
parameter-search-v2,profile_0007,simple_a,9.461005736659775,9.440019097728102,9.46406291094988,9.475878027011237,9.142857142857142,10.0997150997151,1.0,46.053333333333335,7.67,0.16654603358425016,114.775,0.6068133878505396,0.45368284965808187
parameter-search-v2,profile_0007,simple_b,8.514025638194424,8.457599548086957,8.538783634248544,8.520935736193646,8.15548780487805,8.861788617886178,1.0,46.343333333333334,5.381666666666667,0.11612601596777673,80.65833333333333,0.6068133878505396,0.45368284965808187
parameter-search-v2,profile_0008,trio_a,7.848853792951002,8.333333333333316,8.33257299270071,6.396935853069271,0.0,8.333333333333327,1.0,34.67666666666667,0.0,0.0,0.0,0.4590306752071458,0.3272768081591611
parameter-search-v2,profile_0008,trio_b,9.419015240547449,10.0,10.0,7.676060962189796,0.0,10.0,1.0,34.718333333333334,3.1416666666666666,0.09049013489510825,21.4,0.4590306752071458,0.3272768081591611
parameter-search-v2,profile_0008,fives,8.22933186945097,9.0,9.0,5.917327477803882,0.0,9.0,1.0,46.38333333333333,0.0,0.0,0.0,0.6107830894595601,0.45732870071105364
parameter-search-v2,profile_0008,cumulative_a,8.527388313726115,9.25,9.17125891629549,6.517035422313486,0.0,9.25,1.0,46.486666666666665,0.0,0.0,0.0,0.6107830894595601,0.45732870071105364
parameter-search-v2,profile_0008,cumulative_b,9.375041667481591,9.749851440673313,9.670828191767749,8.408658845717556,5.0,9.75,1.0,34.83833333333333,0.0,0.0,0.0,0.4590306752071458,0.3272768081591611
parameter-search-v2,profile_0008,infinite_scroll,6.213986814174071,6.679749780099515,6.229549642582301,5.717098191432165,2.0,10.153846153846153,1.0,15.645,0.0,0.0,0.0,1.0,1.0
parameter-search-v2,profile_0008,simple_a,9.479142116872733,9.46286369223814,9.505290508528224,9.44312375819634,9.00611620795107,10.0,1.0,46.218333333333334,9.063333333333333,0.1960982294183405,128.90833333333333,0.6107830894595601,0.45732870071105364
parameter-search-v2,profile_0008,simple_b,8.510799509282926,8.524631670779828,8.496849742490655,8.524866881370565,8.175675675675675,8.9438202247191,1.0,61.03333333333333,7.795,0.1277170944838886,112.03333333333333,0.7905587059998825,0.6461834733893558
parameter-search-v2,profile_0009,trio_a,9.625294610895608,10.0,10.0,8.501178443582432,0.0,10.0,1.0,53.24666666666667,4.371666666666667,0.08210216601978215,33.75,0.7205583374314024,0.563371286436302
parameter-search-v2,profile_0009,trio_b,9.55437742165669,10.0,10.0,8.21750968662676,0.0,10.0,1.0,44.80166666666667,1.3383333333333334,0.029872400580335554,4.55,0.613983668550232,0.4573943342519194
parameter-search-v2,profile_0009,fives,6.287510883904322,8.0,7.614347244990647,1.9213490456359974,0.0,8.0,1.0,18.58,0.0,0.0,0.0,0.2558098763981117,0.17391007685125334
parameter-search-v2,profile_0009,cumulative_a,8.227898517561483,9.249399528365128,8.99568474985554,5.670825042169724,0.0,9.25,1.0,33.24,0.0,0.0,0.0,0.46112244308838735,0.3271643475203847
parameter-search-v2,profile_0009,cumulative_b,8.498154467612567,9.25,9.15689113293023,6.4288356045898025,0.0,9.25,1.0,45.37166666666667,0.0,0.0,0.0,0.613983668550232,0.4573943342519194
parameter-search-v2,profile_0009,infinite_scroll,6.218850927611836,6.643848781934923,6.24753130490993,5.7364923186925605,2.0,10.15625,1.0,26.378333333333334,0.0,0.0,0.0,1.0,1.0
parameter-search-v2,profile_0009,simple_a,9.471965041979704,9.484251787933664,9.42595332805158,9.55170172388199,8.948051948051948,9.849246231155778,1.0,53.651666666666664,9.196666666666667,0.17141437047622007,136.33333333333334,0.7205583374314024,0.563371286436302
parameter-search-v2,profile_0009,simple_b,8.512010756760176,8.477122410189965,8.528024721915054,8.514871173020628,8.002915451895044,8.988919667590027,1.0,44.73,5.093333333333334,0.11386839555853641,75.81666666666666,0.613983668550232,0.4573943342519194
parameter-search-v2,profile_0010,trio_a,9.557999124794758,10.0,10.0,8.231996499179036,0.0,10.0,1.0,45.725,4.97,0.10869327501366867,40.2,0.6068133878505396,0.4536828496580818
parameter-search-v2,profile_0010,trio_b,8.026799699275042,8.333333333333375,8.333333333333375,7.107198797100041,0.0,8.333333333333382,1.0,54.26166666666666,0.0,0.0,0.0,0.7138395660067488,0.5591552410437859
parameter-search-v2,profile_0010,fives,7.086141586339098,8.996853146853146,8.602365873554296,2.1429814513946512,0.0,9.0,1.0,18.785,0.0,0.0,0.0,0.2520934947405536,0.17243051066580478
parameter-search-v2,profile_0010,cumulative_a,8.505581562060858,9.25,9.162844528862546,6.446637190518341,0.0,9.25,1.0,45.745,0.0,0.0,0.0,0.6068133878505396,0.4536828496580818
parameter-search-v2,profile_0010,cumulative_b,9.466181935242785,9.75,9.720358046670695,8.67401164762975,5.0,9.75,1.0,45.74166666666667,0.0,0.0,0.0,0.6068133878505396,0.4536828496580818
parameter-search-v2,profile_0010,infinite_scroll,7.213246820063402,7.841950138638434,7.191798317483712,6.627440506647754,2.0,12.166666666666666,1.0,18.506666666666668,0.0,0.0,0.0,1.0,1.0
parameter-search-v2,profile_0010,simple_a,9.467970636899459,9.51330710265976,9.440470298133649,9.477634848670776,9.00297619047619,9.85632183908046,1.0,45.67666666666667,9.176666666666666,0.20090491133328467,130.63333333333333,0.6068133878505396,0.4536828496580818
parameter-search-v2,profile_0010,simple_b,8.472881774261616,8.49419526517983,8.450580389384815,8.496171053097003,7.897058823529412,8.826086956521738,1.0,45.55833333333333,5.8533333333333335,0.12847997073349185,84.61666666666666,0.6068133878505396,0.4536828496580818
parameter-search-v2,profile_0011,trio_a,8.015447739460695,8.333333333333375,8.333333333333375,7.061790957842659,0.0,8.333333333333382,1.0,53.33166666666666,0.0,0.0,0.0,0.7205583374314024,0.563371286436302
parameter-search-v2,profile_0011,trio_b,9.628174445145632,10.0,10.0,8.512697780582528,0.0,10.0,1.0,53.443333333333335,5.711666666666667,0.10687332376972494,46.9,0.7205583374314024,0.563371286436302
parameter-search-v2,profile_0011,fives,7.0105283888758025,8.996511627906976,8.48162863515827,2.08234465727969,0.0,9.0,1.0,18.126666666666665,0.0,0.0,0.0,0.2558098763981117,0.17391007685125334
parameter-search-v2,profile_0011,cumulative_a,9.362877299016201,9.74963750456754,9.661390929420245,8.37908983265678,5.0,9.75,1.0,33.388333333333335,0.0,0.0,0.0,0.46112244308838735,0.3271643475203847
parameter-search-v2,profile_0011,cumulative_b,10.0,10.0,10.0,10.0,10.0,10.0,1.0,44.965,1.7816666666666667,0.03962341080099337,17.816666666666666,0.613983668550232,0.4573943342519194
parameter-search-v2,profile_0011,infinite_scroll,8.153433605636074,8.475170276317495,8.152611153408879,7.833341839409042,5.0,11.364285714285714,1.0,26.72,0.0,0.0,0.0,1.0,1.0
parameter-search-v2,profile_0011,simple_a,9.481831019574424,9.42687459732103,9.505839163244069,9.488771154488523,8.975155279503106,9.908814589665653,1.0,45.09166666666667,7.46,0.16544076880428757,109.94166666666666,0.613983668550232,0.4573943342519194
parameter-search-v2,profile_0011,simple_b,8.512393810408364,8.510412634102732,8.50903944451805,8.521083718494621,8.15126050420168,8.954802259887005,1.0,44.93333333333333,5.046666666666667,0.11231454005934718,74.95,0.613983668550232,0.4573943342519194
parameter-search-v2,profile_0012,trio_a,7.839035188069275,8.333333333333313,8.333333333333309,6.356140752277167,0.0,8.33333333333333,1.0,33.635,0.0,0.0,0.0,0.47307535945306844,0.3329015841399743
parameter-search-v2,profile_0012,trio_b,9.408030730093175,10.0,10.0,7.632122920372703,0.0,10.0,1.0,33.70166666666667,3.0816666666666666,0.09143959250284357,20.9,0.47307535945306844,0.3329015841399743
parameter-search-v2,profile_0012,fives,7.100891000373773,9.0,8.562477418765784,2.2786091639635195,0.0,9.0,1.0,18.645,0.0,0.0,0.0,0.26311262267144625,0.1770210998152175
parameter-search-v2,profile_0012,cumulative_a,9.509169783929854,9.75,9.736739234844674,8.81320066603007,5.0,9.75,1.0,53.88,0.0,0.0,0.0,0.7324373081339025,0.571832106661828
parameter-search-v2,profile_0012,cumulative_b,9.463392168267651,9.75,9.720500493398955,8.662567686272693,5.0,9.75,1.0,45.615,0.0,0.0,0.0,0.6271469758311863,0.4650386507197653
parameter-search-v2,profile_0012,infinite_scroll,8.862999537805617,9.352530064056918,8.840272987526854,8.41892211211184,5.0,12.69672131147541,1.0,29.201666666666668,0.0,0.0,0.0,1.0,1.0
parameter-search-v2,profile_0012,simple_a,9.48706581200354,9.452807208412766,9.498740749217124,9.497974541167144,8.876404494382022,9.912280701754385,1.0,45.415,9.08,0.1999339425300011,128.4,0.6271469758311863,0.4650386507197653
parameter-search-v2,profile_0012,simple_b,8.492639346737267,8.493310138587363,8.498562339309029,8.48012256974365,8.112582781456954,8.803611738148984,1.0,59.906666666666666,7.838333333333333,0.13084242154462497,112.38333333333334,0.8040053986261416,0.6552663238034755
parameter-search-v2,profile_0013,trio_a,9.39445226370977,10.0,10.0,7.577809054839085,0.0,10.0,1.0,35.27166666666667,1.6183333333333334,0.04588196380475358,6.85,0.48995390574337944,0.34189389901464207
parameter-search-v2,profile_0013,trio_b,7.978996098487774,8.333333333333359,8.33333333333336,6.915984393951017,0.0,8.333333333333366,1.0,47.025,0.0,0.0,0.0,0.6445768498787073,0.47681633382097777
parameter-search-v2,profile_0013,fives,6.370122547299645,8.0,7.6847658035676005,2.110958582063378,0.0,8.0,1.0,19.543333333333333,0.0,0.0,0.0,0.2737745098039216,0.18194281208987093
parameter-search-v2,profile_0013,cumulative_a,8.297039706615475,9.24974387811599,9.032530453603956,5.873354041138002,0.0,9.25,1.0,35.211666666666666,0.0,0.0,0.0,0.48995390574337944,0.34189389901464207
parameter-search-v2,profile_0013,cumulative_b,10.0,10.0,10.0,10.0,10.0,10.0,1.0,35.42166666666667,1.0533333333333332,0.02973697830894462,10.533333333333333,0.48995390574337944,0.34189389901464207
parameter-search-v2,profile_0013,infinite_scroll,8.121464939603623,8.461489047684998,8.104519659919164,7.81533139089117,5.0,10.866071428571429,1.0,26.52166666666667,0.0,0.0,0.0,1.0,1.0
parameter-search-v2,profile_0013,simple_a,9.526561676705667,9.52498092525146,9.503050809781318,9.575164162008576,9.152744630071599,9.936868686868687,1.0,55.56333333333333,9.971666666666666,0.17946487491751154,147.26666666666668,0.7477517322718561,0.5844054809999083
parameter-search-v2,profile_0013,simple_b,8.49249258004755,8.428533269272062,8.513394154439679,8.514648742038784,7.987679671457905,8.824130879345603,1.0,65.44166666666666,7.3566666666666665,0.11241563733604992,109.28333333333333,0.8640351908153765,0.7311536760453169
parameter-search-v2,profile_0014,trio_a,7.851509285706046,8.333333333333318,8.332583932853703,6.4075359437834605,0.0,8.333333333333336,1.0,35.43833333333333,0.0,0.0,0.0,0.46553103758986114,0.33018599048010816
parameter-search-v2,profile_0014,trio_b,9.420637844894447,10.0,10.0,7.682551379577792,0.0,10.0,1.0,35.13666666666666,2.026666666666667,0.05767953704582108,9.85,0.46553103758986114,0.33018599048010816
parameter-search-v2,profile_0014,fives,7.081126436273792,8.0,7.993049110367129,4.338407524360909,0.0,8.0,1.0,34.891666666666666,0.0,0.0,0.0,0.46553103758986114,0.33018599048010816
parameter-search-v2,profile_0014,cumulative_a,8.296596550974794,9.24971165669299,9.035316853281156,5.866040840643875,0.0,9.25,1.0,35.406666666666666,0.0,0.0,0.0,0.46553103758986114,0.33018599048010816
parameter-search-v2,profile_0014,cumulative_b,10.0,10.0,10.0,10.0,10.0,10.0,1.0,55.305,2.085,0.03770002712232167,20.85,0.7236195177371648,0.5673705379587733
parameter-search-v2,profile_0014,infinite_scroll,6.210265985886919,6.658972349628553,6.18820643219407,5.8056787295309835,2.0,10.193548387096774,1.0,15.63,0.0,0.0,0.0,1.0,1.0
parameter-search-v2,profile_0014,simple_a,9.48961673041519,9.43439287794927,9.49544269247808,9.533188658755332,9.154013015184383,9.863157894736842,1.0,61.276666666666664,10.556666666666667,0.17227873578850025,156.85833333333332,0.7962576639047227,0.650605113840408
parameter-search-v2,profile_0014,simple_b,8.492153611500314,8.46679109939674,8.500949069449165,8.499925207706188,8.03370786516854,8.96358543417367,1.0,46.915,5.331666666666667,0.11364524494653451,79.475,0.6179986679986681,0.46128038628038626
parameter-search-v2,profile_0015,trio_a,9.428106181472483,10.0,10.0,7.712424725889936,0.0,10.0,1.0,34.68833333333333,2.4433333333333334,0.070436746264354,14.45,0.46553103758986114,0.33018599048010816
parameter-search-v2,profile_0015,trio_b,8.03463809774191,8.333333333333378,8.333333333333377,7.138552390967507,0.0,8.333333333333387,1.0,55.208333333333336,0.0,0.0,0.0,0.7236195177371648,0.5673705379587733
parameter-search-v2,profile_0015,fives,7.937064798476607,9.0,8.993176657728513,4.761905878449396,0.0,9.0,1.0,34.795,0.0,0.0,0.0,0.46553103758986114,0.33018599048010816
parameter-search-v2,profile_0015,cumulative_a,9.368318975660554,9.749816769067936,9.671352574866585,8.380753983841108,5.0,9.75,1.0,34.725,0.0,0.0,0.0,0.46553103758986114,0.33018599048010816
parameter-search-v2,profile_0015,cumulative_b,8.27226678020187,9.249491555972138,9.015285959733045,5.80900364536925,0.0,9.25,1.0,34.598333333333336,0.0,0.0,0.0,0.46553103758986114,0.33018599048010816
parameter-search-v2,profile_0015,infinite_scroll,7.1615272934173415,7.78739944998843,7.16649495207943,6.525719819522078,2.0,11.878787878787879,1.0,17.893333333333334,0.0,0.0,0.0,1.0,1.0
parameter-search-v2,profile_0015,simple_a,9.512230057646581,9.511772992884131,9.5170838149147,9.502979607872797,9.10828025477707,9.84815618221258,1.0,61.08833333333333,11.858333333333333,0.19411780754644914,170.54166666666666,0.7962576639047227,0.650605113840408
parameter-search-v2,profile_0015,simple_b,8.504662257555296,8.497891171551037,8.487631505837435,8.545494846995277,8.1524926686217,9.100817438692099,1.0,47.00333333333333,5.698333333333333,0.12123253669952486,83.09166666666667,0.6179986679986681,0.46128038628038626
parameter-search-v2,profile_0016,trio_a,8.033765458509965,8.333333333333377,8.333333333333377,7.13506183403973,0.0,8.333333333333385,1.0,55.405,0.0033333333333333335,6.0163041843395603e-05,0.0,0.7236195177371648,0.5673705379587733
parameter-search-v2,profile_0016,trio_b,7.85508986971616,8.333333333333318,8.333333333333314,6.420359478864692,0.0,8.33333333333333,1.0,34.94833333333333,0.0,0.0,0.0,0.46553103758986114,0.33018599048010816
parameter-search-v2,profile_0016,fives,7.956756837568795,9.0,8.995709941736672,4.8356074668018385,0.0,9.0,1.0,34.60333333333333,0.0,0.0,0.0,0.46553103758986114,0.33018599048010816
parameter-search-v2,profile_0016,cumulative_a,9.377786219211334,9.749869378946304,9.67339385590672,8.414487786085589,5.0,9.75,1.0,34.876666666666665,0.0,0.0,0.0,0.46553103758986114,0.33018599048010816
parameter-search-v2,profile_0016,cumulative_b,8.271441764782377,9.24971788440492,9.015499088447745,5.805050997829106,0.0,9.25,1.0,34.516666666666666,0.0,0.0,0.0,0.46553103758986114,0.33018599048010816
parameter-search-v2,profile_0016,infinite_scroll,7.171619815725682,7.748745549662749,7.217848200754524,6.502037311730938,2.0,11.757575757575758,1.0,18.035,0.0,0.0,0.0,1.0,1.0
parameter-search-v2,profile_0016,simple_a,9.477171790623474,9.400901774308473,9.53361618446978,9.440553019245865,8.739495798319327,10.028735632183908,1.0,46.625,10.871666666666666,0.23317247542448616,147.40833333333333,0.617998667998668,0.4612803862803862
parameter-search-v2,profile_0016,simple_b,8.486430848130121,8.45087422498189,8.494044471462653,8.506760224613291,8.150537634408602,8.881431767337808,1.0,60.99,9.125,0.14961469093293983,124.93333333333334,0.7962576639047227,0.650605113840408
parameter-search-v2,profile_0017,trio_a,9.629076393595374,10.0,10.0,8.516305574381501,0.0,10.0,1.0,53.465,4.465,0.0835125783222669,34.55,0.7276156591946067,0.5677704820119681
parameter-search-v2,profile_0017,trio_b,9.386829088321315,10.0,10.0,7.5473163532852565,0.0,10.0,1.0,33.431666666666665,1.1416666666666666,0.0341492596839324,3.5,0.46782848214736766,0.3300049709492434
parameter-search-v2,profile_0017,fives,6.969015006666932,9.0,8.491015729994531,1.8940285666786632,0.0,9.0,1.0,18.408333333333335,0.0,0.0,0.0,0.2597968208262326,0.17543543058248942
parameter-search-v2,profile_0017,cumulative_a,8.229331116343293,9.249004083319646,8.987894267746142,5.692531846561243,0.0,9.25,1.0,33.61333333333334,0.0,0.0,0.0,0.46782848214736766,0.3300049709492434
parameter-search-v2,profile_0017,cumulative_b,9.506286527704116,9.75,9.73592157236953,8.803302966077407,5.0,9.75,1.0,53.18333333333333,0.0,0.0,0.0,0.7276156591946067,0.5677704820119681
parameter-search-v2,profile_0017,infinite_scroll,7.159986152430861,7.798017452844697,7.154205595340994,6.533515966196761,2.0,12.310344827586206,1.0,29.60333333333333,0.0,0.0,0.0,1.0,1.0
parameter-search-v2,profile_0017,simple_a,9.519773037524889,9.462313537379343,9.54545577320219,9.525867066315836,9.035532994923859,10.0,1.0,53.29666666666667,9.295,0.17440115079116894,137.25833333333333,0.7276156591946067,0.5677704820119681
parameter-search-v2,profile_0017,simple_b,8.497641273279047,8.394762549353716,8.536051472650549,8.52369959846138,8.018292682926829,8.929663608562691,1.0,44.998333333333335,5.098333333333334,0.11330049261083744,75.61666666666666,0.6216992372952126,0.46124318148311955
parameter-search-v2,profile_0018,trio_a,9.416595504087125,10.0,10.0,7.666382016348504,0.0,10.0,1.0,32.92166666666667,2.915,0.08854351237786666,19.95,0.46112244308838735,0.3271643475203847
parameter-search-v2,profile_0018,trio_b,9.553100815359509,10.0,10.0,8.212403261438034,0.0,10.0,1.0,44.62166666666667,2.565,0.05748328539946961,15.75,0.613983668550232,0.4573943342519194
parameter-search-v2,profile_0018,fives,6.993321174466142,9.0,8.488322590386801,1.996639517090965,0.0,9.0,1.0,18.02166666666667,0.0,0.0,0.0,0.2558098763981117,0.17391007685125334
parameter-search-v2,profile_0018,cumulative_a,8.48870785799412,9.25,9.153744221739421,6.397342988497641,0.0,9.25,1.0,44.64833333333333,0.0,0.0,0.0,0.613983668550232,0.4573943342519194
parameter-search-v2,profile_0018,cumulative_b,10.0,10.0,10.0,10.0,10.0,10.0,1.0,52.99666666666667,1.1983333333333333,0.022611484999056543,11.983333333333333,0.7205583374314024,0.563371286436302
parameter-search-v2,profile_0018,infinite_scroll,8.885161965161885,9.331320301387068,8.90210660560987,8.40511434804073,5.0,12.634328358208956,1.0,29.453333333333333,0.0,0.0,0.0,1.0,1.0
parameter-search-v2,profile_0018,simple_a,9.519920214985,9.589434145981143,9.510393816172574,9.469459081613705,9.080882352941176,9.987244897959183,1.0,52.77166666666667,8.735,0.16552442914442725,130.275,0.7205583374314024,0.563371286436302
parameter-search-v2,profile_0018,simple_b,8.526576497443724,8.507825070329398,8.523729931506326,8.551021056432848,8.064516129032258,8.866459627329192,1.0,44.565,4.586666666666667,0.10292082725606791,68.59166666666667,0.6139836685502319,0.4573943342519194
parameter-search-v2,profile_0019,trio_a,9.626934684129678,10.0,10.0,8.507738736518712,0.0,10.0,1.0,54.235,5.288333333333333,0.0975077594419348,42.85,0.7124904507257449,0.559222150398621
parameter-search-v2,profile_0019,trio_b,7.965890045349491,8.333333333333355,8.333333333333355,6.863560181397898,0.0,8.333333333333368,1.0,45.785,0.0,0.0,0.0,0.6058556639438992,0.4538703943115707
parameter-search-v2,profile_0019,fives,7.944181423304346,9.0,8.996624703690408,4.783476285836566,0.0,9.0,1.0,34.02166666666667,0.0,0.0,0.0,0.45443592355357065,0.3246049701932055
parameter-search-v2,profile_0019,cumulative_a,8.26678306312228,9.249392753586932,9.002015052541248,5.8137093938196935,0.0,9.25,1.0,34.34166666666667,0.0,0.0,0.0,0.45443592355357065,0.3246049701932055
parameter-search-v2,profile_0019,cumulative_b,9.37526786390761,9.749842824289892,9.669865182786301,8.411498265767944,5.0,9.75,1.0,34.195,0.0,0.0,0.0,0.45443592355357065,0.3246049701932055
parameter-search-v2,profile_0019,infinite_scroll,6.754109969288386,7.32992255650206,6.769151002624542,6.148215315402395,2.0,11.393939393939394,1.0,16.81833333333333,0.0,0.0,0.0,1.0,1.0
parameter-search-v2,profile_0019,simple_a,9.45026911966914,9.492389853339953,9.403600775805868,9.501485073724876,8.89367816091954,9.818941504178273,1.0,46.178333333333335,8.165,0.17681452340563755,117.675,0.6058556639438992,0.4538703943115707
parameter-search-v2,profile_0019,simple_b,8.514841699747715,8.453317930139956,8.546599964962125,8.512848938926648,8.153846153846153,8.95674300254453,1.0,54.425,6.546666666666667,0.12028785790843669,95.53333333333333,0.7124904507257448,0.559222150398621
parameter-search-v2,profile_0020,trio_a,9.400680596583614,10.0,10.0,7.602722386334458,0.0,10.0,1.0,33.44,3.265,0.09763755980861244,22.2,0.46553103758986114,0.33018599048010816
parameter-search-v2,profile_0020,trio_b,7.840056694209821,8.333333333333307,8.333333333333309,6.36022677683936,0.0,8.333333333333321,1.0,33.48833333333334,0.0016666666666666668,4.976857612103718e-05,0.0,0.46553103758986114,0.33018599048010816
parameter-search-v2,profile_0020,fives,7.041965308286535,8.0,7.990342219985772,4.187176793174595,0.0,8.0,1.0,33.33833333333333,0.0,0.0,0.0,0.46553103758986114,0.33018599048010816
parameter-search-v2,profile_0020,cumulative_a,8.204253898045241,9.248998071403976,8.975676531653438,5.6166644574701134,0.0,9.25,1.0,33.4,0.0,0.0,0.0,0.46553103758986114,0.33018599048010816
parameter-search-v2,profile_0020,cumulative_b,9.509716384769083,9.75,9.736673864822864,8.815517809430606,5.0,9.75,1.0,53.498333333333335,0.0,0.0,0.0,0.7236195177371648,0.5673705379587733
parameter-search-v2,profile_0020,infinite_scroll,8.534901885892943,8.959434261775534,8.503361732779611,8.173449816237012,5.0,11.970588235294118,1.0,28.598333333333333,0.0,0.0,0.0,1.0,1.0
parameter-search-v2,profile_0020,simple_a,9.50631519807549,9.460784383222009,9.51002855146665,9.544419306146647,8.97897897897898,9.98447204968944,1.0,44.788333333333334,9.033333333333333,0.20168942805045956,127.81666666666666,0.617998667998668,0.4612803862803862
parameter-search-v2,profile_0020,simple_b,8.495330697440611,8.45721823169482,8.495173888793783,8.533756780480056,8.063063063063064,8.885057471264368,1.0,59.44833333333333,7.7,0.1295242367321764,110.15,0.7962576639047226,0.650605113840408
parameter-search-v2,profile_0021,trio_a,8.033438043085624,8.333333333333375,8.333333333333375,7.133752172342374,0.0,8.333333333333382,1.0,53.985,0.0,0.0,0.0,0.7061830326536209,0.5551353874883287
parameter-search-v2,profile_0021,trio_b,7.836113836510894,8.33333333333331,8.33333333333331,6.3444553460436435,0.0,8.333333333333325,1.0,33.776666666666664,0.0,0.0,0.0,0.44858768682298095,0.3219205630970337
parameter-search-v2,profile_0021,fives,7.298495985194924,8.0,8.0,5.193983940779695,0.0,8.0,1.0,45.72,0.0,0.0,0.0,0.5991603984251044,0.450255871579401
parameter-search-v2,profile_0021,cumulative_a,8.22919615397788,9.248924634687098,8.998297301744733,5.671265377734952,0.0,9.25,1.0,34.04333333333334,0.0,0.0,0.0,0.44858768682298095,0.3219205630970337
parameter-search-v2,profile_0021,cumulative_b,10.0,10.0,10.0,10.0,10.0,10.0,1.0,45.651666666666664,5.068333333333333,0.11102186849695156,50.68333333333333,0.5991603984251044,0.450255871579401
parameter-search-v2,profile_0021,infinite_scroll,8.136793229964589,8.488924706190964,8.137999792479876,7.782248628707639,5.0,11.115384615384615,1.0,15.66,0.0,0.0,0.0,1.0,1.0
parameter-search-v2,profile_0021,simple_a,9.453607659509153,9.431996220773312,9.478896581314723,9.424641254633855,9.042553191489361,9.893292682926829,1.0,45.52166666666667,8.961666666666666,0.19686596126386702,127.43333333333334,0.5991603984251044,0.450255871579401
parameter-search-v2,profile_0021,simple_b,8.50901101971352,8.550740710922764,8.486784434293504,8.51173449934431,8.003003003003004,8.965014577259476,1.0,45.641666666666666,5.97,0.13080153368632463,86.08333333333333,0.5991603984251044,0.450255871579401
parameter-search-v2,profile_0022,trio_a,8.025484061352934,8.333333333333377,8.333333333333375,7.101936245411606,0.0,8.333333333333382,1.0,54.64333333333333,0.006666666666666667,0.0001220032940889404,0.0,0.7205583374314025,0.563371286436302
parameter-search-v2,profile_0022,trio_b,7.850721481264091,8.333333333333314,8.33333333333331,6.402885925056429,0.0,8.33333333333333,1.0,34.28666666666667,0.0,0.0,0.0,0.4611224430883874,0.3271643475203847
parameter-search-v2,profile_0022,fives,7.105685163030664,9.0,8.577532472505728,2.2676757071111995,0.0,9.0,1.0,19.22,0.0,0.0,0.0,0.2558098763981117,0.17391007685125334
parameter-search-v2,profile_0022,cumulative_a,8.512776938674273,9.25,9.165667739894117,6.469772274908858,0.0,9.25,1.0,46.3,0.0,0.0,0.0,0.613983668550232,0.4573943342519194
parameter-search-v2,profile_0022,cumulative_b,9.470128519722497,9.75,9.721235706868715,8.688042665152555,5.0,9.75,1.0,46.14666666666667,0.0,0.0,0.0,0.613983668550232,0.4573943342519194
parameter-search-v2,profile_0022,infinite_scroll,7.206707255840854,7.916474397270962,7.261164082124594,6.388026461843266,2.0,12.25,1.0,18.541666666666668,0.0,0.0,0.0,1.0,1.0
parameter-search-v2,profile_0022,simple_a,9.532266333717,9.496805737678145,9.527020654125113,9.57821828893963,8.931750741839762,10.044247787610619,1.0,46.166666666666664,11.521666666666667,0.2495667870036101,154.75,0.613983668550232,0.4573943342519194
parameter-search-v2,profile_0022,simple_b,8.493476047105897,8.474772495478062,8.460039703924357,8.579052285096818,8.110599078341014,8.883495145631068,1.0,54.695,8.471666666666666,0.15488923423835207,115.19166666666666,0.7205583374314025,0.563371286436302
parameter-search-v2,profile_0023,trio_a,9.408565122876881,10.0,9.999019607843136,7.636221275821251,0.0,10.0,1.0,34.94833333333333,2.4766666666666666,0.07086651723973485,14.8,0.46112244308838735,0.3271643475203847
parameter-search-v2,profile_0023,trio_b,9.564701501200103,10.0,10.0,8.258806004800412,0.0,10.0,1.0,46.405,2.0316666666666667,0.043781201738318426,10.45,0.613983668550232,0.4573943342519194
parameter-search-v2,profile_0023,fives,6.324409585433609,8.0,7.639149487476301,2.0193393667818347,0.0,8.0,1.0,18.961666666666666,0.0,0.0,0.0,0.2558098763981117,0.17391007685125334
parameter-search-v2,profile_0023,cumulative_a,10.0,10.0,10.0,10.0,10.0,10.0,1.0,55.24166666666667,0.7316666666666667,0.01324483330819128,7.316666666666666,0.7205583374314024,0.563371286436302
parameter-search-v2,profile_0023,cumulative_b,10.0,10.0,10.0,10.0,10.0,10.0,1.0,46.67166666666667,0.11833333333333333,0.002535442631146663,1.1833333333333333,0.613983668550232,0.4573943342519194
parameter-search-v2,profile_0023,infinite_scroll,8.16547425561966,8.493149264089856,8.149915913553606,7.868915931281576,5.0,11.318181818181818,1.0,16.346666666666668,0.0,0.0,0.0,1.0,1.0
parameter-search-v2,profile_0023,simple_a,9.510151110497343,9.519468363770269,9.513912614638507,9.493310848942091,9.111374407582938,9.829683698296837,1.0,55.11333333333334,9.405,0.17064836095318736,141.05,0.7205583374314024,0.563371286436302
parameter-search-v2,profile_0023,simple_b,8.514282072115565,8.447811791829103,8.523436912524481,8.562442671584192,8.04733727810651,8.958944281524927,1.0,46.31166666666667,5.236666666666666,0.1130744592795192,78.54166666666667,0.613983668550232,0.4573943342519194
parameter-search-v2,profile_0024,trio_a,7.9697045444499395,8.333333333333359,8.333333333333357,6.878818177799684,0.0,8.333333333333366,1.0,46.55833333333333,0.0,0.0,0.0,0.613983668550232,0.4573943342519194
parameter-search-v2,profile_0024,trio_b,9.64216716487525,10.0,10.0,8.568668659501,0.0,10.0,1.0,55.08166666666666,5.795,0.10520741928651396,48.0,0.7205583374314024,0.563371286436302
parameter-search-v2,profile_0024,fives,6.319802535591392,8.0,7.662365245188734,1.9544796519881,0.0,8.0,1.0,19.058333333333334,0.0,0.0,0.0,0.2558098763981117,0.17391007685125334
parameter-search-v2,profile_0024,cumulative_a,8.292856753320281,9.249585325259332,9.026045953846534,5.869749780328722,0.0,9.25,1.0,35.095,0.0,0.0,0.0,0.46112244308838735,0.3271643475203847
parameter-search-v2,profile_0024,cumulative_b,9.516318650629497,9.75,9.738902495504835,8.837469611508325,5.0,9.75,1.0,55.22666666666667,0.0,0.0,0.0,0.7205583374314024,0.563371286436302
parameter-search-v2,profile_0024,infinite_scroll,8.14219363324183,8.451642286735181,8.14440889065249,7.828314464927153,5.0,11.0,1.0,15.723333333333333,0.0,0.0,0.0,1.0,1.0
parameter-search-v2,profile_0024,simple_a,9.495794533945906,9.584360743120381,9.468641951246614,9.46153349017001,9.055555555555555,10.217391304347826,1.0,46.63166666666667,8.565,0.1836734693877551,123.60833333333333,0.613983668550232,0.4573943342519194
parameter-search-v2,profile_0024,simple_b,8.5179848400473,8.533747865679903,8.529223205047604,8.479745084414084,8.09192200557103,8.916184971098266,1.0,46.625,5.64,0.12096514745308311,82.19166666666666,0.613983668550232,0.4573943342519194
parameter-search-v2,profile_0025,trio_a,9.571630617002505,10.0,10.0,8.28652246801002,0.0,10.0,1.0,47.406666666666666,2.955,0.0623330052032063,19.1,0.6271469758311863,0.4650386507197653
parameter-search-v2,profile_0025,trio_b,9.442943374172806,10.0,10.0,7.771773496691227,0.0,10.0,1.0,35.388333333333335,1.02,0.028823058446757407,2.1,0.47307535945306844,0.3329015841399743
parameter-search-v2,profile_0025,fives,6.358436779339457,8.0,7.685885552182836,2.0619760129921554,0.0,8.0,1.0,19.593333333333334,0.0,0.0,0.0,0.26311262267144625,0.1770210998152175
parameter-search-v2,profile_0025,cumulative_a,9.518530937324005,9.75,9.739478624542617,8.845166500210789,5.0,9.75,1.0,55.93333333333333,0.0,0.0,0.0,0.7324373081339026,0.571832106661828
parameter-search-v2,profile_0025,cumulative_b,8.28745837662874,9.249742101814428,9.025685519374928,5.848720365950681,0.0,9.25,1.0,35.63666666666666,0.0,0.0,0.0,0.47307535945306844,0.3329015841399743
parameter-search-v2,profile_0025,infinite_scroll,8.524699488977571,8.984950250880797,8.512171518785944,8.0895046674576,5.0,12.142857142857142,1.0,16.805,0.0,0.0,0.0,1.0,1.0
parameter-search-v2,profile_0025,simple_a,9.513429436640305,9.507538652489885,9.530133783015547,9.485911528040244,9.152542372881356,9.843096234309623,1.0,61.623333333333335,10.773333333333333,0.1748255530913615,159.5,0.8040053986261416,0.6552663238034755
parameter-search-v2,profile_0025,simple_b,8.543606419763709,8.558379071946128,8.56506647115034,8.485913664808033,8.108108108108109,8.908045977011493,1.0,47.61333333333334,5.251666666666667,0.11029823578829459,78.125,0.6271469758311864,0.46503865071976525
parameter-search-v2,profile_0026,trio_a,9.561680842548913,10.0,10.0,8.246723370195651,0.0,10.0,1.0,44.541666666666664,4.09,0.09182413470533209,31.1,0.613983668550232,0.4573943342519194
parameter-search-v2,profile_0026,trio_b,7.950401634132438,8.333333333333353,8.333333333333352,6.801606536529699,0.0,8.333333333333362,1.0,44.47,0.0,0.0,0.0,0.613983668550232,0.4573943342519194
parameter-search-v2,profile_0026,fives,6.994147986959646,9.0,8.492075384864693,1.9924411781091973,0.0,9.0,1.0,18.13,0.0,0.0,0.0,0.2558098763981117,0.17391007685125334
parameter-search-v2,profile_0026,cumulative_a,9.505015504688764,9.75,9.736345920548684,8.797370177657687,5.0,9.75,1.0,52.928333333333335,0.0,0.0,0.0,0.7205583374314024,0.563371286436302
parameter-search-v2,profile_0026,cumulative_b,10.0,10.0,10.0,10.0,10.0,10.0,1.0,32.766666666666666,1.3866666666666667,0.04231943031536114,13.866666666666667,0.46112244308838735,0.3271643475203847
parameter-search-v2,profile_0026,infinite_scroll,7.189823121095188,7.857644672333919,7.1753955211194995,6.550856769807835,2.0,11.818181818181818,1.0,29.766666666666666,0.0,0.0,0.0,1.0,1.0
parameter-search-v2,profile_0026,simple_a,9.462017575177615,9.513113833232335,9.448129348783612,9.438697769910906,8.985330073349633,9.850746268656716,1.0,53.02333333333333,9.418333333333333,0.17762620230087384,137.74166666666667,0.7205583374314024,0.563371286436302
parameter-search-v2,profile_0026,simple_b,8.511844839007413,8.48997031207234,8.529068505271812,8.499272033413687,7.972972972972973,8.909883720930232,1.0,44.373333333333335,5.105,0.11504657451923077,75.21666666666667,0.6139836685502319,0.4573943342519194
parameter-search-v2,profile_0027,trio_a,7.836521951600986,8.33333333333331,8.33333333333331,6.346087806404014,0.0,8.333333333333336,1.0,33.541666666666664,0.0,0.0,0.0,0.4678284821473676,0.3300049709492434
parameter-search-v2,profile_0027,trio_b,8.020100968501328,8.333333333333375,8.333333333333375,7.0804038740051904,0.0,8.333333333333384,1.0,53.86333333333334,0.0016666666666666668,3.094250881861501e-05,0.0,0.7276156591946066,0.5677704820119681
parameter-search-v2,profile_0027,fives,7.042544562055534,9.0,8.534158527032703,2.1018611941567316,0.0,9.0,1.0,18.436666666666667,0.0,0.0,0.0,0.2597968208262326,0.17543543058248942
parameter-search-v2,profile_0027,cumulative_a,9.350205011522387,9.74968770951181,9.660247321953928,8.330637692669878,5.0,9.75,1.0,33.208333333333336,0.0,0.0,0.0,0.46782848214736766,0.3300049709492434
parameter-search-v2,profile_0027,cumulative_b,8.632346412126285,9.25,9.214197514324827,6.850990619855493,0.0,9.25,1.0,54.11666666666667,0.0,0.0,0.0,0.7276156591946066,0.5677704820119681
parameter-search-v2,profile_0027,infinite_scroll,8.536617608111333,8.87834148401423,8.53981327974919,8.188502388932722,5.0,11.646153846153846,1.0,27.963333333333335,0.0,0.0,0.0,1.0,1.0
parameter-search-v2,profile_0027,simple_a,9.490836786351723,9.455535382964253,9.484384972533215,9.539041817376207,9.018126888217523,10.0,1.0,45.455,11.383333333333333,0.2504308290250431,152.725,0.6216992372952125,0.46124318148311955
parameter-search-v2,profile_0027,simple_b,8.518381866155421,8.537837001251985,8.535106483409693,8.465477496550317,8.054862842892769,8.909774436090226,1.0,53.415,8.615,0.161284283440981,117.66666666666667,0.7276156591946066,0.5677704820119681
parameter-search-v2,profile_0028,trio_a,9.380619583498381,10.0,9.998945147679326,7.524588038634873,0.0,10.0,1.0,32.4,3.65,0.11265432098765432,26.85,0.44858768682298095,0.3219205630970337
parameter-search-v2,profile_0028,trio_b,7.932039285667384,8.333333333333348,8.33333333333335,6.7281571426694855,0.0,8.333333333333359,1.0,43.84,0.0,0.0,0.0,0.5991603984251043,0.45025587157940095
parameter-search-v2,profile_0028,fives,7.902459786881286,9.0,8.983873544000877,4.642092059523388,0.0,9.0,1.0,32.195,0.0,0.0,0.0,0.4485876868229809,0.3219205630970337
parameter-search-v2,profile_0028,cumulative_a,8.483047200046839,9.25,9.152634001152895,6.376920797881565,0.0,9.25,1.0,43.675,0.0,0.0,0.0,0.5991603984251043,0.45025587157940095
parameter-search-v2,profile_0028,cumulative_b,10.0,10.0,10.0,10.0,10.0,10.0,1.0,52.24,3.6966666666666668,0.07076314446145993,36.96666666666667,0.7061830326536208,0.5551353874883287
parameter-search-v2,profile_0028,infinite_scroll,8.493564610604079,8.82972408490102,8.526999421402614,8.09053551471007,5.0,11.46987951807229,1.0,27.99,0.0,0.0,0.0,1.0,1.0
parameter-search-v2,profile_0028,simple_a,9.470052615535806,9.430885943997568,9.473461942877607,9.502400632390444,9.0,10.044910179640718,1.0,43.745,7.528333333333333,0.17209585857431325,110.24166666666666,0.5991603984251043,0.450255871579401
parameter-search-v2,profile_0028,simple_b,8.500878609942742,8.496798106207542,8.465632429296665,8.575451474970098,7.945859872611465,8.967065868263473,1.0,43.915,5.125,0.11670272116588865,75.28333333333333,0.5991603984251043,0.450255871579401
parameter-search-v2,profile_0029,trio_a,9.567080321074418,10.0,10.0,8.268321284297674,0.0,10.0,1.0,45.725,3.2533333333333334,0.0711499908875524,22.65,0.6058556639438992,0.4538703943115707
parameter-search-v2,profile_0029,trio_b,9.410831416750941,10.0,10.0,7.643325667003767,0.0,10.0,1.0,34.06,1.215,0.035672342924251324,2.95,0.4544359235535706,0.3246049701932055
parameter-search-v2,profile_0029,fives,7.034521964044837,8.0,7.99523137254902,4.147625111081306,0.0,8.0,1.0,33.86,0.0,0.0,0.0,0.4544359235535706,0.3246049701932055
parameter-search-v2,profile_0029,cumulative_a,8.249082513929846,9.24903061203888,9.00489763445229,5.737504174775927,0.0,9.25,1.0,34.26166666666666,0.0,0.0,0.0,0.4544359235535706,0.3246049701932055
parameter-search-v2,profile_0029,cumulative_b,10.0,10.0,10.0,10.0,10.0,10.0,1.0,45.9,0.805,0.017538126361655772,8.05,0.6058556639438992,0.4538703943115707
parameter-search-v2,profile_0029,infinite_scroll,8.561376930053799,9.048531585105541,8.55440668300285,8.088162769103954,5.0,11.882352941176471,1.0,17.203333333333333,0.0,0.0,0.0,1.0,1.0
parameter-search-v2,profile_0029,simple_a,9.493709216550675,9.481080045307113,9.485027965904674,9.52370088908624,9.012195121951219,9.904306220095695,1.0,54.595,8.953333333333333,0.1639954818817352,133.54166666666666,0.7124904507257449,0.559222150398621
parameter-search-v2,profile_0029,simple_b,8.508087739888975,8.505976865123744,8.517238151199567,8.491897792033017,8.075117370892018,9.034653465346535,1.0,54.395,5.773333333333333,0.10613720623831847,86.33333333333333,0.7124904507257449,0.559222150398621
parameter-search-v2,profile_0030,trio_a,9.419500996033381,10.0,10.0,7.67800398413353,0.0,10.0,1.0,34.13,2.0566666666666666,0.06025979099521438,10.6,0.4818908903274228,0.33849550002800777
parameter-search-v2,profile_0030,trio_b,7.862649200315966,8.333333333333316,8.333333333333314,6.450596801263916,0.0,8.333333333333336,1.0,34.725,0.0,0.0,0.0,0.4818908903274228,0.33849550002800777
parameter-search-v2,profile_0030,fives,6.315763745864817,8.0,7.656571929890502,1.9499111236782631,0.0,8.0,1.0,19.208333333333332,0.0,0.0,0.0,0.26886765195588724,0.18013857057974705
parameter-search-v2,profile_0030,cumulative_a,10.0,10.0,10.0,10.0,10.0,10.0,1.0,46.303333333333335,1.6483333333333334,0.0355985890144698,16.483333333333334,0.6361161928886387,0.4721308232531143
parameter-search-v2,profile_0030,cumulative_b,9.47041738783413,9.75,9.72265595787688,8.68635763558276,5.0,9.75,1.0,46.053333333333335,0.0,0.0,0.0,0.6361161928886387,0.4721308232531143
parameter-search-v2,profile_0030,infinite_scroll,6.701136446995177,7.11920552359809,6.758690612137339,6.167959040107936,2.0,10.412698412698413,1.0,28.601666666666667,0.0,0.0,0.0,1.0,1.0
parameter-search-v2,profile_0030,simple_a,9.515674803376866,9.485147043113853,9.53470359892228,9.508144972549058,9.094650205761317,9.865424430641822,1.0,64.83333333333333,11.373333333333333,0.17542416452442158,168.225,0.859001988723351,0.7264779596048946
parameter-search-v2,profile_0030,simple_b,8.501785389926761,8.46913371926232,8.5170549010119,8.503898038420925,7.9525222551928785,9.037900874635568,1.0,46.145,4.921666666666667,0.10665655361722108,73.11666666666666,0.6361161928886387,0.4721308232531143
parameter-search-v2,profile_0031,trio_a,9.536836312878908,10.0,10.0,8.14734525151563,0.0,10.0,1.0,43.111666666666665,4.7683333333333335,0.11060424479065992,37.6,0.5991603984251043,0.45025587157940095
parameter-search-v2,profile_0031,trio_b,7.949996280366432,8.333333333333348,8.333333333333348,6.799985121465684,0.0,8.33333333333336,1.0,43.5,0.0,0.0,0.0,0.5991603984251043,0.45025587157940095
parameter-search-v2,profile_0031,fives,7.918770496535723,9.0,8.993582566307449,4.687916853527993,0.0,9.0,1.0,32.66166666666667,0.0,0.0,0.0,0.44858768682298095,0.3219205630970337
parameter-search-v2,profile_0031,cumulative_a,8.472695940518475,9.25,9.14110059373068,6.3585825746125435,0.0,9.25,1.0,43.66166666666667,0.0,0.0,0.0,0.5991603984251043,0.45025587157940095
parameter-search-v2,profile_0031,cumulative_b,9.340011641877261,9.74965264504689,9.649008072518562,8.312377777425032,5.0,9.75,1.0,32.30166666666667,0.0,0.0,0.0,0.4485876868229809,0.3219205630970337
parameter-search-v2,profile_0031,infinite_scroll,8.878201734399218,9.341127930528316,8.887664482593525,8.39635004188151,5.0,12.525862068965518,1.0,29.425,0.0,0.0,0.0,1.0,1.0
parameter-search-v2,profile_0031,simple_a,9.455852336244817,9.41341028112703,9.466420804481157,9.477157454889927,8.778625954198473,9.819121447028424,1.0,51.943333333333335,9.875,0.19011101841750624,140.18333333333334,0.7061830326536208,0.5551353874883287
parameter-search-v2,profile_0031,simple_b,8.530190458658748,8.48566418909169,8.53515608379726,8.564785477948782,8.079365079365079,9.069400630914826,1.0,43.395,5.3566666666666665,0.1234397203978953,77.14166666666667,0.5991603984251043,0.45025587157940095
parameter-search-v2,profile_0032,trio_a,7.847907287244537,8.333333333333313,8.33333333333331,6.391629148978209,0.0,8.33333333333333,1.0,34.405,0.0,0.0,0.0,0.4590306752071458,0.3272768081591611
parameter-search-v2,profile_0032,trio_b,9.44306696088064,10.0,10.0,7.772267843522563,0.0,10.0,1.0,34.76166666666666,2.2183333333333333,0.0638155055856547,11.65,0.4590306752071458,0.3272768081591611
parameter-search-v2,profile_0032,fives,8.219757996084843,9.0,9.0,5.87903198433937,0.0,9.0,1.0,46.355,0.0,0.0,0.0,0.6107830894595601,0.45732870071105364
parameter-search-v2,profile_0032,cumulative_a,10.0,10.0,10.0,10.0,10.0,10.0,1.0,46.555,1.8983333333333334,0.04077614291339992,18.983333333333334,0.6107830894595601,0.45732870071105364
parameter-search-v2,profile_0032,cumulative_b,8.274695465736032,9.249504656817605,9.020905776540285,5.807465653045953,0.0,9.25,1.0,34.76833333333333,0.0,0.0,0.0,0.4590306752071458,0.3272768081591611
parameter-search-v2,profile_0032,infinite_scroll,8.143785355641796,8.4908211329961,8.167428388818987,7.749463511933106,5.0,11.227272727272727,1.0,16.175,0.0,0.0,0.0,1.0,1.0
parameter-search-v2,profile_0032,simple_a,9.533602996993519,9.53640895785191,9.545064667845388,9.507873694431392,9.155701754385966,9.851380042462845,1.0,60.89333333333333,10.718333333333334,0.17601817385592292,158.6,0.7905587059998824,0.6461834733893558
parameter-search-v2,profile_0032,simple_b,8.52098029327335,8.458834957150325,8.519965107144072,8.585156001654932,7.935103244837758,8.947368421052632,1.0,46.086666666666666,5.165,0.11207145956892811,76.7,0.6107830894595601,0.45732870071105364
parameter-search-v2,profile_0033,trio_a,7.964593130788591,8.333333333333353,8.333333333333353,6.858372523154304,0.0,8.333333333333364,1.0,45.678333333333335,0.0,0.0,0.0,0.6058556639438992,0.4538703943115707
parameter-search-v2,profile_0033,trio_b,9.415043294086995,10.0,10.0,7.660173176347982,0.0,10.0,1.0,33.83,2.915,0.08616612474135382,18.8,0.45443592355357065,0.3246049701932055
parameter-search-v2,profile_0033,fives,7.053390797326486,8.0,7.994677686697119,4.224207815911706,0.0,8.0,1.0,34.08,0.0,0.0,0.0,0.45443592355357065,0.3246049701932055
parameter-search-v2,profile_0033,cumulative_a,10.0,10.0,10.0,10.0,10.0,10.0,1.0,54.20166666666667,2.845,0.05248916084991236,28.45,0.7124904507257449,0.559222150398621
parameter-search-v2,profile_0033,cumulative_b,9.367045860414514,9.74990782945348,9.669068797872393,8.38013801645979,5.0,9.75,1.0,34.11,0.0,0.0,0.0,0.45443592355357065,0.3246049701932055
parameter-search-v2,profile_0033,infinite_scroll,7.165496141150312,7.794208902843627,7.20820508432279,6.451365493112041,2.0,12.529411764705882,1.0,17.998333333333335,0.0,0.0,0.0,1.0,1.0
parameter-search-v2,profile_0033,simple_a,9.471723929141216,9.477434729507555,9.472158127425171,9.465144732206973,9.064327485380117,10.015384615384615,1.0,45.85,8.076666666666666,0.17615412577244638,119.0,0.6058556639438992,0.4538703943115707
parameter-search-v2,profile_0033,simple_b,8.499645651504009,8.485779623015954,8.499331605649543,8.514139771701,8.127962085308058,8.923076923076923,1.0,54.251666666666665,6.163333333333333,0.11360634081902246,91.39166666666667,0.7124904507257449,0.559222150398621
parameter-search-v2,profile_0034,trio_a,9.381781188476248,10.0,9.9989406779661,7.529243397972786,0.0,10.0,1.0,32.675,3.59,0.10986993114001531,25.85,0.4544359235535707,0.3246049701932055
parameter-search-v2,profile_0034,trio_b,8.022614575329982,8.333333333333373,8.333333333333373,7.090458301319809,0.0,8.333333333333382,1.0,53.06666666666667,0.0,0.0,0.0,0.7124904507257449,0.559222150398621
parameter-search-v2,profile_0034,fives,7.908427891052699,9.0,8.991544054711172,4.65062345478845,0.0,9.0,1.0,32.75333333333333,0.0,0.0,0.0,0.4544359235535707,0.3246049701932055
parameter-search-v2,profile_0034,cumulative_a,10.0,10.0,10.0,10.0,10.0,10.0,1.0,53.29666666666667,3.6216666666666666,0.06795296766526987,36.21666666666667,0.7124904507257449,0.559222150398621
parameter-search-v2,profile_0034,cumulative_b,9.356857648988646,9.749590855779712,9.657218815895021,8.363402108384825,5.0,9.75,1.0,33.225,0.0,0.0,0.0,0.45443592355357065,0.3246049701932055
parameter-search-v2,profile_0034,infinite_scroll,6.2151747787333615,6.629624925012633,6.234790686766383,5.761492816388045,2.0,10.075471698113208,1.0,26.005,0.0,0.0,0.0,1.0,1.0
parameter-search-v2,profile_0034,simple_a,9.510586874240062,9.594239398415482,9.47785129869781,9.492405501149147,9.130434782608695,10.015197568389057,1.0,44.556666666666665,7.758333333333334,0.1741228398294307,113.49166666666666,0.6058556639438992,0.4538703943115708
parameter-search-v2,profile_0034,simple_b,8.507119155872516,8.52320893593719,8.51053498392869,8.484197719695493,8.115501519756839,9.264264264264265,1.0,44.42166666666667,5.03,0.11323303192886354,74.19166666666666,0.6058556639438992,0.4538703943115708
parameter-search-v2,profile_0035,trio_a,7.832108006216886,8.333333333333309,8.331604426002741,6.331889839528754,0.0,8.333333333333323,1.0,32.78,0.0,0.0,0.0,0.4544359235535706,0.3246049701932055
parameter-search-v2,profile_0035,trio_b,9.385630493016931,10.0,10.0,7.5425219720677275,0.0,10.0,1.0,33.026666666666664,3.6966666666666668,0.11192975373435608,27.35,0.4544359235535706,0.3246049701932055
parameter-search-v2,profile_0035,fives,7.2740496200189515,8.0,8.0,5.0961984800758025,0.0,8.0,1.0,44.225,0.0,0.0,0.0,0.6058556639438991,0.4538703943115708
parameter-search-v2,profile_0035,cumulative_a,8.615792808618401,9.25,9.207645237786481,6.797880758900644,0.0,9.25,1.0,52.77333333333333,0.0,0.0,0.0,0.7124904507257448,0.559222150398621
parameter-search-v2,profile_0035,cumulative_b,9.347989040434467,9.749740708270172,9.656444096220467,8.329327261026755,5.0,9.75,1.0,32.65,0.0,0.0,0.0,0.45443592355357065,0.3246049701932055
parameter-search-v2,profile_0035,infinite_scroll,8.541581239363444,8.927420840997382,8.55263182335561,8.133640469745178,5.0,11.634615384615385,1.0,27.625,0.0,0.0,0.0,1.0,1.0
parameter-search-v2,profile_0035,simple_a,9.485560112098643,9.487551016862835,9.490676549259561,9.47333633301261,9.143222506393862,9.882506527415144,1.0,52.73166666666667,10.72,0.20329340371061033,150.925,0.7124904507257448,0.559222150398621
parameter-search-v2,profile_0035,simple_b,8.505108106587292,8.51144476506799,8.48273272490177,8.54352221147764,8.095930232558139,9.022082018927446,1.0,44.18833333333333,5.583333333333333,0.12635310979519482,79.95833333333333,0.6058556639438992,0.4538703943115708
parameter-search-v2,profile_0036,trio_a,8.016922205532104,8.333333333333373,8.33333333333337,7.067688822128305,0.0,8.333333333333377,1.0,52.29833333333333,0.0,0.0,0.0,0.7061830326536209,0.5551353874883287
parameter-search-v2,profile_0036,trio_b,9.549696573761242,10.0,10.0,8.198786295044972,0.0,10.0,1.0,43.568333333333335,4.861666666666666,0.11158716192953598,38.15,0.5991603984251044,0.450255871579401
parameter-search-v2,profile_0036,fives,7.015705219741965,8.0,7.983805373718015,4.09521013153183,0.0,8.0,1.0,32.16833333333334,0.0,0.0,0.0,0.44858768682298095,0.3219205630970337
parameter-search-v2,profile_0036,cumulative_a,10.0,10.0,10.0,10.0,10.0,10.0,1.0,43.401666666666664,2.6283333333333334,0.06055835029376752,26.283333333333335,0.5991603984251044,0.450255871579401
parameter-search-v2,profile_0036,cumulative_b,8.17993043856649,9.248379853800662,8.948119151379025,5.575103597707254,0.0,9.25,1.0,32.245,0.0,0.0,0.0,0.44858768682298095,0.3219205630970337
parameter-search-v2,profile_0036,infinite_scroll,8.878096695904901,9.321002360470063,8.89670783000409,8.397968763141366,5.0,12.524193548387096,1.0,29.121666666666666,0.0,0.0,0.0,1.0,1.0
parameter-search-v2,profile_0036,simple_a,9.480310420677968,9.479947028321272,9.511716351130858,9.417861952128884,9.100609756097562,10.121580547112462,1.0,43.46,7.513333333333334,0.17287927596257094,109.73333333333333,0.5991603984251044,0.450255871579401
parameter-search-v2,profile_0036,simple_b,8.484667836124583,8.47022522897981,8.485001056540359,8.498444002437799,8.013245033112582,8.949044585987261,1.0,43.736666666666665,4.996666666666667,0.11424434113253563,73.45,0.5991603984251044,0.450255871579401
parameter-search-v2,profile_0037,trio_a,7.949702203991945,8.333333333333352,8.33333333333335,6.798808815967732,0.0,8.333333333333364,1.0,44.225,0.0,0.0,0.0,0.6107830894595601,0.45732870071105364
parameter-search-v2,profile_0037,trio_b,9.395033787237532,10.0,10.0,7.580135148950125,0.0,10.0,1.0,32.82,3.0366666666666666,0.09252488320130002,20.1,0.4590306752071458,0.3272768081591611
parameter-search-v2,profile_0037,fives,7.026636648130084,8.0,7.995073849007272,4.116398894505785,0.0,8.0,1.0,32.75833333333333,0.0,0.0,0.0,0.4590306752071458,0.3272768081591611
parameter-search-v2,profile_0037,cumulative_a,9.356352364824692,9.749526857398202,9.661740694443596,8.352401213013376,5.0,9.75,1.0,32.751666666666665,0.0,0.0,0.0,0.4590306752071458,0.3272768081591611
parameter-search-v2,profile_0037,cumulative_b,9.455230664279581,9.75,9.717387324921265,8.636148007275795,5.0,9.75,1.0,44.19833333333333,0.0,0.0,0.0,0.6107830894595601,0.45732870071105364
parameter-search-v2,profile_0037,infinite_scroll,8.861217721189185,9.351264593797357,8.874851426718925,8.34390343752153,5.0,12.330645161290322,1.0,29.355,0.0,0.0,0.0,1.0,1.0
parameter-search-v2,profile_0037,simple_a,9.508071225425931,9.52777436043769,9.495972758386074,9.512565024493886,9.166666666666666,9.90301724137931,1.0,59.306666666666665,11.633333333333333,0.19615557553956833,164.675,0.7905587059998824,0.6461834733893558
parameter-search-v2,profile_0037,simple_b,8.537766201743349,8.583323257341748,8.50758842927858,8.552564691074489,8.002958579881657,8.938461538461539,1.0,44.585,5.33,0.11954693282494112,76.9,0.6107830894595601,0.45732870071105364
parameter-search-v2,profile_0038,trio_a,7.97437866741831,8.333333333333359,8.333333333333359,6.897514669673162,0.0,8.333333333333368,1.0,46.971666666666664,0.0,0.0,0.0,0.6192649069197057,0.4609900032887649
parameter-search-v2,profile_0038,trio_b,9.571049812074659,10.0,10.0,8.284199248298636,0.0,10.0,1.0,46.505,3.1066666666666665,0.06680285273984876,21.25,0.6192649069197057,0.4609900032887649
parameter-search-v2,profile_0038,fives,6.3052118830034365,8.0,7.632429234943882,1.9559890621259837,0.0,8.0,1.0,18.973333333333333,0.0,0.0,0.0,0.2589175530352001,0.17542914601738133
parameter-search-v2,profile_0038,cumulative_a,8.264453521593744,9.249509509435466,9.012288503192815,5.783727570553878,0.0,9.25,1.0,34.78,0.0,0.0,0.0,0.46606407008883793,0.3299277605779154
parameter-search-v2,profile_0038,cumulative_b,10.0,10.0,10.0,10.0,10.0,10.0,1.0,46.74666666666667,1.515,0.03240872789503708,15.15,0.6192649069197057,0.4609900032887649
parameter-search-v2,profile_0038,infinite_scroll,7.11849209510103,7.777382308956122,7.124631537240728,6.447322996966541,2.0,11.627906976744185,1.0,18.336666666666666,0.0,0.0,0.0,1.0,1.0
parameter-search-v2,profile_0038,simple_a,9.528178522280502,9.542520253454498,9.539939013534607,9.490315808598297,9.191489361702128,9.943946188340806,1.0,61.1,10.363333333333333,0.1696126568466994,153.74166666666667,0.7979587491971393,0.6506830802496437
parameter-search-v2,profile_0038,simple_b,8.494973381653686,8.514738540608894,8.4960825831216,8.472989819762649,8.079268292682928,8.892128279883382,1.0,46.586666666666666,5.015,0.10764882655981683,74.79166666666667,0.6192649069197057,0.4609900032887649
parameter-search-v2,profile_0039,trio_a,9.413956133408874,10.0,10.0,7.655824533635494,0.0,10.0,1.0,34.22833333333333,2.925,0.08545551930661732,19.55,0.45443592355357065,0.3246049701932055
parameter-search-v2,profile_0039,trio_b,8.028217562051264,8.333333333333377,8.333333333333375,7.112870248204928,0.0,8.333333333333384,1.0,54.64833333333333,0.0,0.0,0.0,0.7124904507257449,0.559222150398621
parameter-search-v2,profile_0039,fives,7.9337190121721575,9.0,8.997436700656758,4.740002647375113,0.0,9.0,1.0,34.10333333333333,0.0,0.0,0.0,0.45443592355357065,0.3246049701932055
parameter-search-v2,profile_0039,cumulative_a,8.25734081647915,9.24950158889093,9.005518104949466,5.768825467126737,0.0,9.25,1.0,34.501666666666665,0.0,0.0,0.0,0.45443592355357065,0.3246049701932055
parameter-search-v2,profile_0039,cumulative_b,10.0,10.0,10.0,10.0,10.0,10.0,1.0,46.305,2.3966666666666665,0.05175826944534428,23.966666666666665,0.6058556639438992,0.4538703943115708
parameter-search-v2,profile_0039,infinite_scroll,8.149367493149597,8.452515661217655,8.181145371430135,7.782663568520462,5.0,10.689655172413794,1.0,15.665,0.0,0.0,0.0,1.0,1.0
parameter-search-v2,profile_0039,simple_a,9.492629581580761,9.48925286230904,9.476226469038677,9.528812525936647,9.11849710982659,9.92732558139535,1.0,46.00666666666667,8.323333333333334,0.18091580930299955,121.91666666666667,0.6058556639438992,0.4538703943115708
parameter-search-v2,profile_0039,simple_b,8.46451165418474,8.502360250837638,8.459620653606793,8.436445058687736,8.0,8.883248730964468,1.0,54.541666666666664,6.355,0.11651642475171888,93.78333333333333,0.7124904507257448,0.559222150398621
parameter-search-v2,profile_0040,trio_a,9.556222039058685,10.0,10.0,8.224888156234744,0.0,10.0,1.0,44.225,3.2916666666666665,0.07442999811569626,22.9,0.6058556639438993,0.4538703943115707
parameter-search-v2,profile_0040,trio_b,7.9540666877401,8.333333333333353,8.333333333333352,6.8162667509603425,0.0,8.33333333333336,1.0,44.571666666666665,0.0,0.0,0.0,0.6058556639438993,0.4538703943115707
parameter-search-v2,profile_0040,fives,7.048990268430873,8.0,7.9905236975160125,4.214913678691469,0.0,8.0,1.0,32.651666666666664,0.0,0.0,0.0,0.45443592355357065,0.3246049701932055
parameter-search-v2,profile_0040,cumulative_a,10.0,10.0,10.0,10.0,10.0,10.0,1.0,32.626666666666665,1.2883333333333333,0.03948712709440131,12.883333333333333,0.45443592355357065,0.3246049701932055
parameter-search-v2,profile_0040,cumulative_b,8.208951101727154,9.248756428720963,8.961294947838123,5.664458082511408,0.0,9.25,1.0,32.295,0.0,0.0,0.0,0.45443592355357065,0.3246049701932055
parameter-search-v2,profile_0040,infinite_scroll,6.748276167530666,7.316841832457895,6.739085422701504,6.198091992261761,2.0,11.0,1.0,28.221666666666668,0.0,0.0,0.0,1.0,1.0
parameter-search-v2,profile_0040,simple_a,9.495322579650992,9.51843024212285,9.496873662825305,9.469112750830508,9.17989417989418,9.886649874055415,1.0,52.505,9.308333333333334,0.17728470304415453,136.86666666666667,0.7124904507257449,0.559222150398621
parameter-search-v2,profile_0040,simple_b,8.500343583120742,8.523060168118958,8.508533939933162,8.461246284497681,7.869674185463659,8.957286432160805,1.0,52.903333333333336,6.111666666666666,0.1155251716968055,90.34166666666667,0.7124904507257449,0.559222150398621
parameter-search-v2,profile_0041,trio_a,7.945093890046747,8.333333333333346,8.333333333333348,6.780375560186947,0.0,8.333333333333362,1.0,43.35,0.0,0.0,0.0,0.5991603984251043,0.45025587157940095
parameter-search-v2,profile_0041,trio_b,9.543949959854135,10.0,10.0,8.175799839416543,0.0,10.0,1.0,43.6,4.25,0.09747706422018348,32.1,0.5991603984251043,0.45025587157940095
parameter-search-v2,profile_0041,fives,7.900153763388881,9.0,8.987742777753756,4.6251294980480155,0.0,9.0,1.0,32.333333333333336,0.0,0.0,0.0,0.44858768682298095,0.3219205630970337
parameter-search-v2,profile_0041,cumulative_a,9.451093087695625,9.75,9.716126305820683,8.622119739141137,5.0,9.75,1.0,43.615,0.0,0.0,0.0,0.5991603984251043,0.45025587157940095
parameter-search-v2,profile_0041,cumulative_b,9.338193930949334,9.749508345377333,9.6500694517072,8.303128475005604,5.0,9.75,1.0,31.73,0.0,0.0,0.0,0.4485876868229809,0.3219205630970337
parameter-search-v2,profile_0041,infinite_scroll,7.160874588980336,7.7533516070083,7.19987085102496,6.490405046863122,2.0,11.733333333333333,1.0,29.64,0.0,0.0,0.0,1.0,1.0
parameter-search-v2,profile_0041,simple_a,9.511259955072088,9.431856151283515,9.5668584468814,9.479466775242038,9.119897959183673,9.94750656167979,1.0,52.17333333333333,10.343333333333334,0.19824942499361103,147.85833333333332,0.7061830326536208,0.5551353874883287
parameter-search-v2,profile_0041,simple_b,8.479518701330987,8.483882282946134,8.485648708480957,8.462895105415905,8.036809815950921,9.0,1.0,43.55833333333333,5.406666666666666,0.12412473694279702,78.11666666666666,0.5991603984251043,0.45025587157940095
parameter-search-v2,profile_0042,trio_a,9.428563170680174,10.0,10.0,7.714252682720695,0.0,10.0,1.0,34.38333333333333,2.8716666666666666,0.08351914687348522,19.05,0.4544359235535706,0.3246049701932055
parameter-search-v2,profile_0042,trio_b,9.564149948196647,10.0,10.0,8.25659979278659,0.0,10.0,1.0,45.8,2.4183333333333334,0.05280203784570597,14.25,0.6058556639438992,0.4538703943115708
parameter-search-v2,profile_0042,fives,7.9273494219716785,9.0,8.99473592042589,4.719925847034931,0.0,9.0,1.0,34.35333333333333,0.0,0.0,0.0,0.45443592355357065,0.3246049701932055
parameter-search-v2,profile_0042,cumulative_a,10.0,10.0,10.0,10.0,10.0,10.0,1.0,54.115,0.96,0.017739998152083526,9.6,0.7124904507257449,0.559222150398621
parameter-search-v2,profile_0042,cumulative_b,10.0,10.0,10.0,10.0,10.0,10.0,1.0,33.92333333333333,0.15333333333333332,0.004519996069568635,1.5333333333333334,0.45443592355357065,0.3246049701932055
parameter-search-v2,profile_0042,infinite_scroll,8.553891249977095,8.935226717866497,8.559993153677757,8.160351974686371,5.0,11.75,1.0,16.995,0.0,0.0,0.0,1.0,1.0
parameter-search-v2,profile_0042,simple_a,9.455622011836914,9.43775264854894,9.500027230411883,9.384680937974949,8.966565349544073,9.985714285714286,1.0,45.96666666666667,7.45,0.16207396664249457,111.69166666666666,0.6058556639438992,0.4538703943115708
parameter-search-v2,profile_0042,simple_b,8.496412649158263,8.44166400071595,8.521017639874579,8.50195131616794,8.022113022113022,8.838630806845966,1.0,54.46333333333333,6.1466666666666665,0.1128588040883775,92.19166666666666,0.7124904507257448,0.559222150398621
parameter-search-v2,profile_0043,trio_a,7.849414523580505,8.333333333333313,8.333333333333313,6.397658094322081,0.0,8.333333333333329,1.0,34.39,0.0,0.0,0.0,0.4544359235535706,0.3246049701932055
parameter-search-v2,profile_0043,trio_b,9.413933368369637,10.0,10.0,7.65573347347855,0.0,10.0,1.0,34.42,3.1866666666666665,0.0925818322680612,21.25,0.4544359235535706,0.3246049701932055
parameter-search-v2,profile_0043,fives,7.317394915838685,8.0,8.0,5.269579663354736,0.0,8.0,1.0,46.178333333333335,0.0,0.0,0.0,0.6058556639438991,0.4538703943115708
parameter-search-v2,profile_0043,cumulative_a,9.511896291109005,9.75,9.737689337200855,8.82220649003431,5.0,9.75,1.0,54.568333333333335,0.0,0.0,0.0,0.7124904507257448,0.559222150398621
parameter-search-v2,profile_0043,cumulative_b,10.0,10.0,10.0,10.0,10.0,10.0,1.0,34.23166666666667,1.9733333333333334,0.057646428745313796,19.733333333333334,0.45443592355357065,0.3246049701932055
parameter-search-v2,profile_0043,infinite_scroll,8.180817111345764,8.484861770477579,8.217584411313648,7.803237852278184,5.0,10.793103448275861,1.0,15.871666666666666,0.0,0.0,0.0,1.0,1.0
parameter-search-v2,profile_0043,simple_a,9.492084547560601,9.505880827421311,9.460512943917015,9.54143147498706,8.955882352941176,9.912536443148689,1.0,45.885,8.446666666666667,0.1840833968980422,122.41666666666667,0.6058556639438992,0.4538703943115708
parameter-search-v2,profile_0043,simple_b,8.518721304804181,8.534210247189083,8.488217654321778,8.564239663384086,8.198992443324936,8.87218045112782,1.0,54.455,6.3933333333333335,0.11740580907783185,93.81666666666666,0.7124904507257448,0.559222150398621
parameter-search-v2,profile_0044,trio_a,9.62143157874918,10.0,10.0,8.485726314996718,0.0,10.0,1.0,54.708333333333336,4.29,0.07841584158415842,32.9,0.7124904507257449,0.559222150398621
parameter-search-v2,profile_0044,trio_b,7.844272103287183,8.33333333333331,8.33333333333331,6.377088413148796,0.0,8.333333333333329,1.0,34.163333333333334,0.0,0.0,0.0,0.45443592355357065,0.3246049701932055
parameter-search-v2,profile_0044,fives,7.061464264579035,8.0,7.995515814152559,4.254825430011024,0.0,8.0,1.0,34.43666666666667,0.0,0.0,0.0,0.45443592355357065,0.3246049701932055
parameter-search-v2,profile_0044,cumulative_a,9.379799563967104,9.74988201228444,9.668238756904191,8.432838729775598,5.0,9.75,1.0,34.395,0.0,0.0,0.0,0.45443592355357065,0.3246049701932055
parameter-search-v2,profile_0044,cumulative_b,10.0,10.0,10.0,10.0,10.0,10.0,1.0,45.656666666666666,1.2983333333333333,0.028436883989194715,12.983333333333333,0.6058556639438991,0.4538703943115708
parameter-search-v2,profile_0044,infinite_scroll,8.126108760203369,8.434395648601459,8.122570807409048,7.824897777393917,5.0,10.837837837837839,1.0,15.903333333333334,0.0,0.0,0.0,1.0,1.0
parameter-search-v2,profile_0044,simple_a,9.515265213659704,9.492323754472128,9.510324816248243,9.548087467670204,9.134146341463415,9.872122762148338,1.0,54.41,9.248333333333333,0.16997488206824726,137.31666666666666,0.7124904507257448,0.559222150398621
parameter-search-v2,profile_0044,simple_b,8.539990653468292,8.602792084284639,8.541202204635132,8.47476612031827,8.123123123123124,9.097222222222221,1.0,46.32666666666667,5.163333333333333,0.11145488559504965,76.85833333333333,0.6058556639438992,0.4538703943115708
parameter-search-v2,profile_0045,trio_a,9.628587011276018,10.0,10.0,8.514348045104072,0.0,10.0,1.0,52.68,4.278333333333333,0.08121361680587193,32.65,0.7205583374314024,0.563371286436302
parameter-search-v2,profile_0045,trio_b,9.567533748600193,10.0,10.0,8.270134994400767,0.0,10.0,1.0,44.626666666666665,1.4666666666666666,0.03286525246489393,5.5,0.613983668550232,0.4573943342519194
parameter-search-v2,profile_0045,fives,6.976300714240358,9.0,8.454641918360121,1.995919020241193,0.0,9.0,1.0,17.903333333333332,0.0,0.0,0.0,0.2558098763981117,0.17391007685125334
parameter-search-v2,profile_0045,cumulative_a,8.206622561103398,9.248347201259495,8.964768894630923,5.64860525389225,0.0,9.25,1.0,32.85333333333333,0.0,0.0,0.0,0.46112244308838735,0.3271643475203847
parameter-search-v2,profile_0045,cumulative_b,8.473386884050289,9.25,9.151201846005597,6.341143844189959,0.0,9.25,1.0,44.33166666666666,0.0,0.0,0.0,0.613983668550232,0.4573943342519194
parameter-search-v2,profile_0045,infinite_scroll,8.891714485629665,9.371339936432344,8.876958132977771,8.441601740130775,5.0,12.357142857142858,1.0,30.158333333333335,0.0,0.0,0.0,1.0,1.0
parameter-search-v2,profile_0045,simple_a,9.515960888628609,9.480034465759012,9.519933250969423,9.543942586816577,9.074074074074074,9.93718592964824,1.0,53.065,9.246666666666666,0.17425170388517228,137.03333333333333,0.7205583374314024,0.563371286436302
parameter-search-v2,profile_0045,simple_b,8.494925898518588,8.473803935704307,8.518989354642647,8.467920949084746,8.074626865671641,8.950617283950617,1.0,44.38166666666667,5.008333333333334,0.11284689624094033,74.51666666666667,0.613983668550232,0.4573943342519194
parameter-search-v2,profile_0046,trio_a,9.568014394144635,10.0,10.0,8.27205757657854,0.0,10.0,1.0,46.37,3.756666666666667,0.08101502408166199,26.85,0.613983668550232,0.4573943342519194
parameter-search-v2,profile_0046,trio_b,8.033413224315542,8.333333333333377,8.333333333333377,7.133652897262041,0.0,8.333333333333384,1.0,54.90833333333333,0.0,0.0,0.0,0.7205583374314024,0.563371286436302
parameter-search-v2,profile_0046,fives,7.1130047477291525,9.0,8.628314594466525,2.19538980198356,0.0,9.0,1.0,19.093333333333334,0.0,0.0,0.0,0.2558098763981117,0.17391007685125334
parameter-search-v2,profile_0046,cumulative_a,9.47276452999478,9.75,9.722615421729515,8.695827276520093,5.0,9.75,1.0,46.36833333333333,0.0,0.0,0.0,0.613983668550232,0.4573943342519194
parameter-search-v2,profile_0046,cumulative_b,10.0,10.0,10.0,10.0,10.0,10.0,1.0,34.76166666666666,1.3683333333333334,0.03936328331015966,13.683333333333334,0.46112244308838735,0.3271643475203847
parameter-search-v2,profile_0046,infinite_scroll,8.556229709066606,8.88365293986585,8.596234307516905,8.148797281366766,5.0,11.82258064516129,1.0,16.893333333333334,0.0,0.0,0.0,1.0,1.0
parameter-search-v2,profile_0046,simple_a,9.4960404095988,9.572833112054713,9.457021158523796,9.497286209292897,9.037974683544304,9.91025641025641,1.0,55.028333333333336,9.651666666666667,0.1753944937456462,141.8,0.7205583374314024,0.563371286436302
parameter-search-v2,profile_0046,simple_b,8.482010028017951,8.506790285674203,8.467638537177312,8.485972752042978,8.078078078078079,8.909574468085106,1.0,46.57666666666667,5.223333333333334,0.11214485078365419,77.33333333333333,0.613983668550232,0.4573943342519194
parameter-search-v2,profile_0047,trio_a,7.846320818118701,8.333333333333313,8.333333333333314,6.385283272474863,0.0,8.33333333333333,1.0,34.553333333333335,0.0,0.0,0.0,0.48995390574337944,0.34189389901464207
parameter-search-v2,profile_0047,trio_b,9.420965384953591,10.0,10.0,7.683861539814366,0.0,10.0,1.0,35.12166666666667,2.02,0.057514354861671335,10.25,0.48995390574337944,0.34189389901464207
parameter-search-v2,profile_0047,fives,7.103383842599024,9.0,8.633112873805311,2.147309622785475,0.0,9.0,1.0,19.191666666666666,0.0,0.0,0.0,0.2737745098039216,0.18194281208987093
parameter-search-v2,profile_0047,cumulative_a,9.379389508106673,9.749785425387733,9.67518086432866,8.417410878381636,5.0,9.75,1.0,35.233333333333334,0.0,0.0,0.0,0.48995390574337944,0.34189389901464207
parameter-search-v2,profile_0047,cumulative_b,9.47560254233193,9.75,9.723956886679698,8.704496395968324,5.0,9.75,1.0,46.855,0.0,0.0,0.0,0.6445768498787074,0.47681633382097777
parameter-search-v2,profile_0047,infinite_scroll,8.536307687081612,8.898936135950963,8.559465505646603,8.127363601082278,5.0,11.606382978723405,1.0,28.401666666666667,0.0,0.0,0.0,1.0,1.0
parameter-search-v2,profile_0047,simple_a,9.440352759000058,9.488122347687566,9.425991396821889,9.42130589466889,8.989795918367347,9.899396378269618,1.0,65.43666666666667,11.693333333333333,0.17869695889154907,169.14166666666668,0.8640351908153766,0.7311536760453169
parameter-search-v2,profile_0047,simple_b,8.513445465003844,8.553875468491505,8.518191065957799,8.463524259608269,8.156626506024097,8.990267639902676,1.0,55.20666666666666,6.286666666666667,0.11387513585315782,92.39166666666667,0.7477517322718561,0.5844054809999083
parameter-search-v2,profile_0048,trio_a,7.821280893277498,8.33333333333331,8.33333333333331,6.285123573110059,0.0,8.33333333333333,1.0,33.733333333333334,0.0,0.0,0.0,0.46782848214736766,0.3300049709492434
parameter-search-v2,profile_0048,trio_b,9.636723284451758,10.0,10.0,8.546893137807036,0.0,10.0,1.0,53.446666666666665,4.5,0.08419608332293875,34.8,0.7276156591946067,0.5677704820119681
parameter-search-v2,profile_0048,fives,6.236091196235751,8.0,7.597979875153031,1.7484050346369415,0.0,8.0,1.0,18.143333333333334,0.0,0.0,0.0,0.2597968208262326,0.17543543058248942
parameter-search-v2,profile_0048,cumulative_a,9.504061649354197,9.75,9.736810673698013,8.792625250020766,5.0,9.75,1.0,53.68,0.0,0.0,0.0,0.7276156591946067,0.5677704820119681
parameter-search-v2,profile_0048,cumulative_b,9.365804929698005,9.749639206741556,9.663862734806255,8.385855042437953,5.0,9.75,1.0,33.49666666666667,0.0,0.0,0.0,0.46782848214736766,0.3300049709492434
parameter-search-v2,profile_0048,infinite_scroll,6.724906864715969,7.231567559147242,6.727148811318543,6.213762277079546,2.0,10.575757575757576,1.0,28.868333333333332,0.0,0.0,0.0,1.0,1.0
parameter-search-v2,profile_0048,simple_a,9.505118983142005,9.474944354532001,9.500661375026962,9.544208827982095,9.188829787234043,9.889162561576354,1.0,53.54666666666667,10.135,0.18927415338645417,147.175,0.7276156591946067,0.5677704820119681
parameter-search-v2,profile_0048,simple_b,8.508522277819003,8.448992563707264,8.508471302676776,8.568153942215195,7.924242424242424,8.91566265060241,1.0,45.085,5.365,0.11899744926250416,78.84166666666667,0.6216992372952125,0.46124318148311955
parameter-search-v2,profile_0049,trio_a,9.564124668743883,10.0,10.0,8.256498674975536,0.0,10.0,1.0,46.358333333333334,3.5366666666666666,0.07628977170591407,25.8,0.6107830894595601,0.45732870071105364
parameter-search-v2,profile_0049,trio_b,9.432443881905945,10.0,10.0,7.729775527623779,0.0,10.0,1.0,34.41166666666667,1.3183333333333334,0.038310650457693614,4.0,0.4590306752071458,0.3272768081591611
parameter-search-v2,profile_0049,fives,7.056666020134875,8.0,7.993775080347969,4.2391139198435654,0.0,8.0,1.0,34.54333333333334,0.0,0.0,0.0,0.4590306752071458,0.3272768081591611
parameter-search-v2,profile_0049,cumulative_a,10.0,10.0,10.0,10.0,10.0,10.0,1.0,46.431666666666665,0.8216666666666667,0.017696256147026097,8.216666666666667,0.6107830894595601,0.45732870071105364
parameter-search-v2,profile_0049,cumulative_b,8.263187444530455,9.249690388309826,9.008279888698784,5.786499612414426,0.0,9.25,1.0,34.60166666666667,0.0,0.0,0.0,0.4590306752071458,0.3272768081591611
parameter-search-v2,profile_0049,infinite_scroll,8.545424823509403,9.019500658972394,8.521956523101831,8.118285588861557,5.0,11.589285714285714,1.0,16.643333333333334,0.0,0.0,0.0,1.0,1.0
parameter-search-v2,profile_0049,simple_a,9.481411667997914,9.499330186214829,9.4790777031448,9.46816107948723,8.977272727272727,10.028169014084508,1.0,46.16,7.6866666666666665,0.16652224147891392,114.65833333333333,0.6107830894595601,0.45732870071105364
parameter-search-v2,profile_0049,simple_b,8.524612315888332,8.508362157909385,8.509895824952256,8.570295455739435,8.071895424836601,9.02247191011236,1.0,60.85,6.636666666666667,0.10906600931251711,99.275,0.7905587059998825,0.6461834733893558
parameter-search-v2,profile_0050,trio_a,9.539463775724455,10.0,10.0,8.157855102897821,0.0,10.0,1.0,44.68,3.275,0.07329901521933752,22.75,0.613983668550232,0.4573943342519194
parameter-search-v2,profile_0050,trio_b,7.95675945786692,8.333333333333352,8.333333333333352,6.827037831467628,0.0,8.33333333333336,1.0,44.385,0.0,0.0,0.0,0.613983668550232,0.4573943342519194
parameter-search-v2,profile_0050,fives,6.212012841583615,8.0,7.5598230474463035,1.7284052714418514,0.0,8.0,1.0,17.936666666666667,0.0,0.0,0.0,0.2558098763981117,0.17391007685125334
parameter-search-v2,profile_0050,cumulative_a,10.0,10.0,10.0,10.0,10.0,10.0,1.0,32.9,1.1966666666666668,0.03637284701114488,11.966666666666667,0.4611224430883874,0.3271643475203847
parameter-search-v2,profile_0050,cumulative_b,9.458758193852953,9.75,9.718672225279079,8.64768832485365,5.0,9.75,1.0,44.68333333333333,0.0,0.0,0.0,0.613983668550232,0.4573943342519194
parameter-search-v2,profile_0050,infinite_scroll,7.163915462519652,7.714458045121104,7.191011676834771,6.559180451287962,2.0,12.070175438596491,1.0,29.035,0.0,0.0,0.0,1.0,1.0
parameter-search-v2,profile_0050,simple_a,9.490580095992948,9.453773255305302,9.475950337805006,9.556646453056478,9.022277227722773,10.012658227848101,1.0,53.305,9.398333333333333,0.1763124159709846,138.425,0.7205583374314025,0.563371286436302
parameter-search-v2,profile_0050,simple_b,8.4973235525521,8.510512515126987,8.47913998076309,8.520501733555234,8.087167070217918,8.887468030690536,1.0,53.075,6.13,0.11549693829486575,90.76666666666667,0.7205583374314025,0.563371286436302
parameter-search-v2,profile_0051,trio_a,7.854797342553056,8.33333333333332,8.333333333333318,6.419189370212268,0.0,8.333333333333334,1.0,35.651666666666664,0.0,0.0,0.0,0.47307535945306844,0.3329015841399743
parameter-search-v2,profile_0051,trio_b,9.432271394080361,10.0,10.0,7.7290855763214426,0.0,10.0,1.0,35.35333333333333,2.2533333333333334,0.06373750707146898,12.55,0.47307535945306844,0.3329015841399743
parameter-search-v2,profile_0051,fives,7.135167978563923,9.0,8.6616845724092,2.217302769437293,0.0,9.0,1.0,19.395,0.0,0.0,0.0,0.2631126226714462,0.1770210998152175
parameter-search-v2,profile_0051,cumulative_a,8.535406524680946,9.25,9.175542750800203,6.540540597123379,0.0,9.25,1.0,47.48833333333334,0.0,0.0,0.0,0.6271469758311864,0.4650386507197653
parameter-search-v2,profile_0051,cumulative_b,10.0,10.0,10.0,10.0,10.0,10.0,1.0,55.95666666666666,2.1016666666666666,0.037558825281467804,21.016666666666666,0.7324373081339025,0.571832106661828
parameter-search-v2,profile_0051,infinite_scroll,8.512866157222696,8.881697502670692,8.520167953385965,8.129431219448167,5.0,10.94,1.0,16.871666666666666,0.0,0.0,0.0,1.0,1.0
parameter-search-v2,profile_0051,simple_a,9.50424157880193,9.573289048733377,9.463848942175606,9.515979382123135,9.067982456140351,9.823008849557523,1.0,61.763333333333335,10.563333333333333,0.1710291974742296,156.83333333333334,0.8040053986261416,0.6552663238034755
parameter-search-v2,profile_0051,simple_b,8.496370458297617,8.529517406404512,8.510792980140327,8.434378466505308,8.115942028985508,9.05775075987842,1.0,47.52,5.081666666666667,0.10693742985409652,75.7,0.6271469758311864,0.46503865071976525
parameter-search-v2,profile_0052,trio_a,9.370758006356983,10.0,9.99797159408841,7.487088837251113,0.0,10.0,1.0,32.471666666666664,3.01,0.09269619668428887,20.25,0.45443592355357065,0.3246049701932055
parameter-search-v2,profile_0052,trio_b,9.623075169073239,10.0,10.0,8.492300676292954,0.0,10.0,1.0,52.526666666666664,3.0116666666666667,0.057335956339637006,20.0,0.7124904507257449,0.559222150398621
parameter-search-v2,profile_0052,fives,8.17178397600087,9.0,9.0,5.687135904003478,0.0,9.0,1.0,43.99166666666667,0.0,0.0,0.0,0.6058556639438992,0.4538703943115708
parameter-search-v2,profile_0052,cumulative_a,9.345066141108639,9.749464923158126,9.651681267547978,8.327437106180476,5.0,9.75,1.0,32.33166666666666,0.0,0.0,0.0,0.45443592355357065,0.3246049701932055
parameter-search-v2,profile_0052,cumulative_b,8.19480175439279,9.248270280716117,8.962953196131364,5.605030344592316,0.0,9.25,1.0,32.275,0.0,0.0,0.0,0.45443592355357065,0.3246049701932055
parameter-search-v2,profile_0052,infinite_scroll,7.192375813464264,7.922623465420893,7.122024224953419,6.602831338529323,2.0,12.3,1.0,30.038333333333334,0.0,0.0,0.0,1.0,1.0
parameter-search-v2,profile_0052,simple_a,9.48018876484125,9.487120594783075,9.481330795060632,9.470972874460658,8.993506493506494,9.882005899705014,1.0,43.92333333333333,7.78,0.17712681186916598,114.225,0.6058556639438992,0.4538703943115708
parameter-search-v2,profile_0052,simple_b,8.512657260414498,8.504925379122177,8.537016043432637,8.471671575670538,7.947368421052632,9.064935064935066,1.0,52.44166666666667,6.198333333333333,0.11819481964087081,91.925,0.7124904507257448,0.559222150398621
parameter-search-v2,profile_0053,trio_a,7.97859884345502,8.333333333333357,8.333333333333357,6.914395373820016,0.0,8.333333333333366,1.0,46.215,0.0,0.0,0.0,0.613983668550232,0.4573943342519194
parameter-search-v2,profile_0053,trio_b,9.628263822408396,10.0,10.0,8.513055289633588,0.0,10.0,1.0,55.08166666666666,5.056666666666667,0.09180308027474356,41.35,0.7205583374314024,0.563371286436302
parameter-search-v2,profile_0053,fives,7.098155274705891,9.0,8.590850393098416,2.210920312626734,0.0,9.0,1.0,19.058333333333334,0.0,0.0,0.0,0.2558098763981117,0.17391007685125334
parameter-search-v2,profile_0053,cumulative_a,10.0,10.0,10.0,10.0,10.0,10.0,1.0,34.76,1.27,0.03653624856156502,12.7,0.46112244308838735,0.3271643475203847
parameter-search-v2,profile_0053,cumulative_b,10.0,10.0,10.0,10.0,10.0,10.0,1.0,54.95166666666667,0.7366666666666667,0.01340572017833854,7.366666666666666,0.7205583374314024,0.563371286436302
parameter-search-v2,profile_0053,infinite_scroll,8.556416371373544,8.938810187225354,8.550832936599392,8.18518942507004,5.0,11.954545454545455,1.0,16.988333333333333,0.0,0.0,0.0,1.0,1.0
parameter-search-v2,profile_0053,simple_a,9.52767035551587,9.58645210742803,9.515977322495683,9.492274669644086,9.195402298850574,10.0,1.0,46.42166666666667,7.766666666666667,0.16730693282590745,116.2,0.613983668550232,0.4573943342519194
parameter-search-v2,profile_0053,simple_b,8.483880238312342,8.485892360545957,8.459956473160837,8.529715646381728,8.00287356321839,9.094707520891365,1.0,46.52333333333333,5.17,0.11112703303002078,77.38333333333334,0.613983668550232,0.4573943342519194
parameter-search-v2,profile_0054,trio_a,9.429012100690155,10.0,10.0,7.716048402760622,0.0,10.0,1.0,34.82666666666667,2.8116666666666665,0.08073315467075039,17.65,0.4678284821473676,0.3300049709492434
parameter-search-v2,profile_0054,trio_b,9.63644282372526,10.0,10.0,8.545771294901039,0.0,10.0,1.0,55.428333333333335,2.59,0.046727004841086085,15.65,0.7276156591946066,0.5677704820119681
parameter-search-v2,profile_0054,fives,6.282457977091268,8.0,7.606805285977943,1.9162213364091893,0.0,8.0,1.0,18.953333333333333,0.0,0.0,0.0,0.2597968208262326,0.17543543058248942
parameter-search-v2,profile_0054,cumulative_a,10.0,10.0,10.0,10.0,10.0,10.0,1.0,35.038333333333334,0.5283333333333333,0.015078723303049041,5.283333333333333,0.46782848214736766,0.3300049709492434
parameter-search-v2,profile_0054,cumulative_b,8.630627959695081,9.25,9.216618236077988,6.839275366624352,0.0,9.25,1.0,55.05166666666667,0.0,0.0,0.0,0.7276156591946066,0.5677704820119681
parameter-search-v2,profile_0054,infinite_scroll,7.185048497980523,7.829578013380558,7.208654156680313,6.49330766518091,2.0,12.16,1.0,18.295,0.0,0.0,0.0,1.0,1.0
parameter-search-v2,profile_0054,simple_a,9.52125638462487,9.567445004832958,9.526660648063785,9.464259237538945,9.126074498567336,9.941176470588236,1.0,46.615,7.873333333333333,0.1689012835639458,117.55,0.6216992372952125,0.46124318148311955
parameter-search-v2,profile_0054,simple_b,8.495653621247275,8.506714714367613,8.473174328175947,8.529551114269594,8.081395348837209,8.877068557919621,1.0,55.791666666666664,6.196666666666666,0.11106796116504854,92.69166666666666,0.7276156591946066,0.5677704820119681
parameter-search-v2,profile_0055,trio_a,8.014679311659146,8.333333333333373,8.333333333333373,7.058717246636464,0.0,8.333333333333384,1.0,52.81666666666667,0.0,0.0,0.0,0.7124904507257449,0.559222150398621
parameter-search-v2,profile_0055,trio_b,9.368587587488307,10.0,10.0,7.474350349953225,0.0,10.0,1.0,32.571666666666665,3.2,0.09824489587064422,21.65,0.45443592355357065,0.3246049701932055
parameter-search-v2,profile_0055,fives,7.000087627515943,8.0,7.996068045626136,4.0082144188115,0.0,8.0,1.0,32.715,0.0,0.0,0.0,0.45443592355357065,0.3246049701932055
parameter-search-v2,profile_0055,cumulative_a,9.458395132353413,9.75,9.716799961878698,8.649980605656253,5.0,9.75,1.0,44.151666666666664,0.0,0.0,0.0,0.6058556639438991,0.4538703943115708
parameter-search-v2,profile_0055,cumulative_b,10.0,10.0,10.0,10.0,10.0,10.0,1.0,32.64,2.0516666666666667,0.06285743464052287,20.516666666666666,0.45443592355357065,0.3246049701932055
parameter-search-v2,profile_0055,infinite_scroll,6.756060614410181,7.324957325536519,6.7582303866173135,6.1828243588695795,2.0,11.68,1.0,28.186666666666667,0.0,0.0,0.0,1.0,1.0
parameter-search-v2,profile_0055,simple_a,9.505510821916438,9.488930520976174,9.533022853918933,9.467067058851715,9.053708439897699,9.975429975429975,1.0,52.586666666666666,9.513333333333334,0.1809077079107505,137.66666666666666,0.7124904507257448,0.559222150398621
parameter-search-v2,profile_0055,simple_b,8.525083958025773,8.608976255646152,8.49718733993377,8.496984896589407,7.943786982248521,8.957703927492448,1.0,44.33166666666666,5.235,0.11808714613331328,76.425,0.6058556639438992,0.4538703943115708
parameter-search-v2,profile_0056,trio_a,7.846298652311357,8.33333333333331,8.333333333333309,6.385194609245499,0.0,8.333333333333332,1.0,33.74333333333333,0.0,0.0,0.0,0.47307535945306844,0.3329015841399743
parameter-search-v2,profile_0056,trio_b,9.565713848434429,10.0,10.0,8.262855393737718,0.0,10.0,1.0,45.42666666666667,2.53,0.05569415908423833,16.05,0.6271469758311864,0.4650386507197653
parameter-search-v2,profile_0056,fives,7.047088520322495,9.0,8.594935817203446,1.9984824468830893,0.0,9.0,1.0,18.463333333333335,0.0016666666666666668,9.026900162484202e-05,0.0,0.26311262267144625,0.1770210998152175
parameter-search-v2,profile_0056,cumulative_a,9.463897381174299,9.75,9.717847851403793,8.66989382188961,5.0,9.75,1.0,45.11666666666667,0.0,0.0,0.0,0.6271469758311864,0.4650386507197653
parameter-search-v2,profile_0056,cumulative_b,9.369017887363007,9.749838986790063,9.668605787320057,8.389020988021846,5.0,9.75,1.0,33.87166666666667,0.0,0.0,0.0,0.47307535945306844,0.3329015841399743
parameter-search-v2,profile_0056,infinite_scroll,8.86862298401342,9.304969100330082,8.904581056611123,8.360360722501351,5.0,12.5,1.0,29.393333333333334,0.0,0.0,0.0,1.0,1.0
parameter-search-v2,profile_0056,simple_a,9.502357752556865,9.496876383720684,9.478173728339012,9.556207169828753,9.089861751152073,9.901531728665208,1.0,59.84166666666667,11.195,0.18707700877315137,163.63333333333333,0.8040053986261417,0.6552663238034756
parameter-search-v2,profile_0056,simple_b,8.48682227146347,8.516881246480885,8.49177372835898,8.446860382655036,8.121890547263682,8.954659949622167,1.0,54.14333333333333,6.273333333333333,0.11586529581973773,92.425,0.7324373081339026,0.5718321066618282
parameter-search-v2,profile_0057,trio_a,7.961695912782273,8.333333333333355,8.333333333333353,6.846783651129027,0.0,8.333333333333364,1.0,45.60166666666667,0.0,0.0,0.0,0.6058556639438992,0.4538703943115707
parameter-search-v2,profile_0057,trio_b,9.415755588314425,10.0,10.0,7.663022353257699,0.0,10.0,1.0,33.99333333333333,2.055,0.06045303000588351,10.8,0.4544359235535706,0.3246049701932055
parameter-search-v2,profile_0057,fives,7.0424344903785965,8.0,7.989141135141962,4.191455691230461,0.0,8.0,1.0,34.05833333333333,0.0,0.0,0.0,0.4544359235535706,0.3246049701932055
parameter-search-v2,profile_0057,cumulative_a,9.369384979460454,9.74988302492844,9.666892378747711,8.393872135417954,5.0,9.75,1.0,34.026666666666664,0.0,0.0,0.0,0.4544359235535706,0.3246049701932055
parameter-search-v2,profile_0057,cumulative_b,10.0,10.0,10.0,10.0,10.0,10.0,1.0,45.60166666666667,1.7666666666666666,0.0387412740762399,17.666666666666668,0.6058556639438992,0.4538703943115707
parameter-search-v2,profile_0057,infinite_scroll,8.883153656380241,9.405634746744058,8.845970214763394,8.435039449250121,5.0,12.790322580645162,1.0,18.56833333333333,0.0,0.0,0.0,1.0,1.0
parameter-search-v2,profile_0057,simple_a,9.5027751040996,9.561004742520081,9.474500849989509,9.501093973899298,9.067164179104477,9.896103896103897,1.0,54.10333333333333,9.825,0.18159694411927793,145.05,0.7124904507257449,0.559222150398621
parameter-search-v2,profile_0057,simple_b,8.508348176461583,8.517820526928528,8.496031069349932,8.52351004021794,8.135391923990499,8.893129770992367,1.0,54.04666666666667,6.3533333333333335,0.11755273220673491,94.45833333333333,0.7124904507257449,0.559222150398621
parameter-search-v2,profile_0058,trio_a,8.031765721262719,8.333333333333378,8.333333333333377,7.1270628850507425,0.0,8.333333333333385,1.0,55.44833333333333,0.0016666666666666668,3.0058011963088763e-05,0.0,0.7276156591946067,0.5677704820119681
parameter-search-v2,profile_0058,trio_b,7.8461819387800436,8.333333333333316,8.333333333333316,6.384727755120223,0.0,8.333333333333336,1.0,35.055,0.0,0.0,0.0,0.46782848214736766,0.3300049709492434
parameter-search-v2,profile_0058,fives,6.362626318286784,8.0,7.668746826214506,2.113011620718126,0.0,8.0,1.0,19.135,0.0016666666666666668,8.710042679209128e-05,0.0,0.2597968208262326,0.17543543058248942
parameter-search-v2,profile_0058,cumulative_a,9.514283278960974,9.75,9.738699892110251,8.829733331623396,5.0,9.75,1.0,55.48,0.0,0.0,0.0,0.7276156591946067,0.5677704820119681
parameter-search-v2,profile_0058,cumulative_b,9.384211511712266,9.749916493284593,9.675371602757233,8.43618634805001,5.0,9.75,1.0,35.35333333333333,0.0,0.0,0.0,0.46782848214736766,0.3300049709492434
parameter-search-v2,profile_0058,infinite_scroll,6.731096800502935,7.333957987021877,6.699996230418078,6.190436754153708,2.0,10.89655172413793,1.0,16.778333333333332,0.0,0.0,0.0,1.0,1.0
parameter-search-v2,profile_0058,simple_a,9.509470803243214,9.514967410606976,9.525309616802652,9.472296568760578,9.147465437788018,9.893867924528301,1.0,55.611666666666665,13.17,0.2368208109809093,180.0,0.7276156591946067,0.5677704820119681
parameter-search-v2,profile_0058,simple_b,8.49348720055907,8.52440208452339,8.467768100849941,8.514010516013002,8.020527859237538,8.985294117647058,1.0,47.138333333333335,6.826666666666667,0.14482197786656295,95.03333333333333,0.6216992372952126,0.46124318148311955
parameter-search-v2,profile_0059,trio_a,9.436230902240004,10.0,10.0,7.7449236089600175,0.0,10.0,1.0,34.86666666666667,2.435,0.06983747609942638,14.0,0.4590306752071458,0.3272768081591611
parameter-search-v2,profile_0059,trio_b,7.843286870613261,8.33333333333331,8.33333333333331,6.373147482453111,0.0,8.333333333333329,1.0,34.095,0.0,0.0,0.0,0.4590306752071458,0.3272768081591611
parameter-search-v2,profile_0059,fives,7.0602650274504395,8.0,7.999227799227799,4.242604511346161,0.0,8.0,1.0,34.25333333333333,0.0,0.0,0.0,0.4590306752071458,0.3272768081591611
parameter-search-v2,profile_0059,cumulative_a,9.47212825408376,9.75,9.722268116484472,8.693976783366093,5.0,9.75,1.0,46.281666666666666,0.0,0.0,0.0,0.6107830894595601,0.45732870071105364
parameter-search-v2,profile_0059,cumulative_b,10.0,10.0,10.0,10.0,10.0,10.0,1.0,46.26833333333333,1.8766666666666667,0.04056049854111884,18.766666666666666,0.6107830894595601,0.45732870071105364
parameter-search-v2,profile_0059,infinite_scroll,8.555464083595682,8.937685188529,8.585363192022317,8.113444761809093,5.0,11.75,1.0,16.78,0.0,0.0,0.0,1.0,1.0
parameter-search-v2,profile_0059,simple_a,9.500191813610137,9.54973946762906,9.494221304939561,9.462585176932366,9.100877192982455,9.902807775377969,1.0,61.028333333333336,10.595,0.17360788704700003,156.35833333333332,0.7905587059998825,0.6461834733893558
parameter-search-v2,profile_0059,simple_b,8.53322923393766,8.561735221068089,8.515752601898505,8.539676510885545,8.005464480874316,9.074074074074074,1.0,46.42666666666667,5.093333333333334,0.10970706490522689,75.575,0.6107830894595601,0.45732870071105364
parameter-search-v2,profile_0060,trio_a,9.620917652884238,10.0,10.0,8.48367061153695,0.0,10.0,1.0,53.525,3.9683333333333333,0.07413981005760548,29.8,0.7324373081339025,0.571832106661828
parameter-search-v2,profile_0060,trio_b,9.407720795616273,10.0,10.0,7.630883182465088,0.0,10.0,1.0,33.821666666666665,1.0233333333333334,0.03025673877691815,2.25,0.47307535945306844,0.3329015841399743
parameter-search-v2,profile_0060,fives,7.0944380317019595,9.0,8.593568478629361,2.1906151695491145,0.0,9.0,1.0,18.715,0.0,0.0,0.0,0.26311262267144625,0.1770210998152175
parameter-search-v2,profile_0060,cumulative_a,8.509539766840858,9.25,9.162967670147804,6.462223727067823,0.0,9.25,1.0,45.04666666666667,0.0,0.0,0.0,0.6271469758311864,0.4650386507197653
parameter-search-v2,profile_0060,cumulative_b,9.357275789994274,9.74963087686154,9.661089576228393,8.357293130658771,5.0,9.75,1.0,33.513333333333335,0.0,0.0,0.0,0.47307535945306844,0.3329015841399743
parameter-search-v2,profile_0060,infinite_scroll,7.1906406833835685,7.836146805049223,7.185622460178959,6.555171008127134,2.0,12.571428571428571,1.0,30.143333333333334,0.0,0.0,0.0,1.0,1.0
parameter-search-v2,profile_0060,simple_a,9.491150291232962,9.510096123693202,9.505296447234544,9.443912146769563,9.024024024024024,9.941690962099125,1.0,45.57333333333333,8.035,0.17630924517261556,118.76666666666667,0.6271469758311864,0.4650386507197653
parameter-search-v2,profile_0060,simple_b,8.469670644815233,8.50758390771666,8.464042397062592,8.443013877419087,7.9594017094017095,8.844393592677346,1.0,59.66166666666667,6.973333333333334,0.11688130290247786,103.65833333333333,0.8040053986261416,0.6552663238034755
parameter-search-v2,profile_0061,trio_a,9.383581467338942,10.0,10.0,7.534325869355769,0.0,10.0,1.0,32.43333333333333,3.691666666666667,0.11382322713257965,26.65,0.44858768682298095,0.3219205630970337
parameter-search-v2,profile_0061,trio_b,7.947842675274248,8.333333333333348,8.333333333333348,6.791370701096946,0.0,8.333333333333359,1.0,43.75833333333333,0.0,0.0,0.0,0.5991603984251043,0.45025587157940095
parameter-search-v2,profile_0061,fives,7.257290372722726,8.0,8.0,5.0291614908909015,0.0,8.0,1.0,43.75,0.0,0.0,0.0,0.5991603984251043,0.45025587157940095
parameter-search-v2,profile_0061,cumulative_a,9.353750482179612,9.749745844753273,9.657971982655774,8.349312118653627,5.0,9.75,1.0,32.461666666666666,0.0,0.0,0.0,0.4485876868229809,0.3219205630970337
parameter-search-v2,profile_0061,cumulative_b,9.452594895035983,9.75,9.715835450651957,8.628708678840017,5.0,9.75,1.0,43.85666666666667,0.0,0.0,0.0,0.5991603984251043,0.45025587157940095
parameter-search-v2,profile_0061,infinite_scroll,6.6769012546314785,7.09877255683913,6.737572507558897,6.133687446568989,2.0,10.675675675675675,1.0,28.048333333333332,0.0,0.0,0.0,1.0,1.0
parameter-search-v2,profile_0061,simple_a,9.491742459854096,9.464445411450894,9.489919699392564,9.522685029180362,9.096692111959287,9.851116625310175,1.0,52.016666666666666,10.676666666666666,0.20525472604934317,149.34166666666667,0.7061830326536208,0.5551353874883287
parameter-search-v2,profile_0061,simple_b,8.520818050678232,8.538765068831367,8.513390198277405,8.517726737326749,8.119122257053291,9.0,1.0,43.675,5.631666666666667,0.12894485785155504,80.01666666666667,0.5991603984251043,0.45025587157940095
parameter-search-v2,profile_0062,trio_a,7.836302829336328,8.33333333333331,8.33333333333331,6.345211317345379,0.0,8.333333333333325,1.0,34.02,0.0,0.0,0.0,0.45443592355357065,0.3246049701932055
parameter-search-v2,profile_0062,trio_b,9.637168171300178,10.0,10.0,8.548672685200717,0.0,10.0,1.0,54.415,4.808333333333334,0.0883641152868388,38.35,0.7124904507257449,0.559222150398621
parameter-search-v2,profile_0062,fives,7.057927017844496,8.0,7.996019489411043,4.239669092555897,0.0,8.0,1.0,34.09166666666667,0.0,0.0,0.0,0.45443592355357065,0.3246049701932055
parameter-search-v2,profile_0062,cumulative_a,9.471313109150168,9.75,9.721655372590472,8.691941691419727,5.0,9.75,1.0,45.946666666666665,0.0,0.0,0.0,0.6058556639438991,0.4538703943115708
parameter-search-v2,profile_0062,cumulative_b,9.357044323245125,9.749626569125276,9.665383017710301,8.34778468843462,5.0,9.75,1.0,33.75,0.0,0.0,0.0,0.45443592355357065,0.3246049701932055
parameter-search-v2,profile_0062,infinite_scroll,8.54710325165449,8.994847164870151,8.514396366086917,8.164773109573973,5.0,11.58695652173913,1.0,17.126666666666665,0.0,0.0,0.0,1.0,1.0
parameter-search-v2,profile_0062,simple_a,9.506973656545032,9.475472439040866,9.509829764726218,9.532762657686828,9.061757719714965,9.926650366748166,1.0,54.50666666666667,9.951666666666666,0.18257705479452055,144.63333333333333,0.7124904507257448,0.559222150398621
parameter-search-v2,profile_0062,simple_b,8.489025446947737,8.479857621136912,8.468042218867755,8.540159728918526,8.018018018018019,8.98176291793313,1.0,46.14333333333333,5.24,0.11355919959546341,76.79166666666667,0.6058556639438992,0.4538703943115708
parameter-search-v2,profile_0063,trio_a,9.415684394007748,10.0,10.0,7.66273757603099,0.0,10.0,1.0,35.10166666666667,2.6083333333333334,0.07430796258487252,15.15,0.4678284821473676,0.3300049709492434
parameter-search-v2,profile_0063,trio_b,8.03231316207759,8.33333333333338,8.333333333333378,7.12925264831023,0.0,8.333333333333385,1.0,55.94,0.0,0.0,0.0,0.7276156591946066,0.5677704820119681
parameter-search-v2,profile_0063,fives,7.1734990826427865,9.0,8.690105334915051,2.3137856607410443,0.0,9.0,1.0,19.631666666666668,0.0,0.0,0.0,0.25979682082623257,0.17543543058248942
parameter-search-v2,profile_0063,cumulative_a,9.482704259987816,9.75,9.726167623769408,8.728481792412449,5.0,9.75,1.0,47.295,0.0,0.0,0.0,0.6216992372952125,0.46124318148311955
parameter-search-v2,profile_0063,cumulative_b,9.374240953330567,9.749863514292942,9.673374750242754,8.400350798543812,5.0,9.75,1.0,35.085,0.0,0.0,0.0,0.4678284821473676,0.3300049709492434
parameter-search-v2,profile_0063,infinite_scroll,8.16770860286339,8.447643957986315,8.191370574550707,7.840449304365839,5.0,11.193548387096774,1.0,15.948333333333334,0.0,0.0,0.0,1.0,1.0
parameter-search-v2,profile_0063,simple_a,9.478355696569757,9.49191381159838,9.462101980035072,9.497305014610506,9.053398058252426,9.963855421686747,1.0,55.35166666666667,10.663333333333334,0.19264701454337418,152.8,0.7276156591946066,0.5677704820119681
parameter-search-v2,profile_0063,simple_b,8.469301465005982,8.424234888427774,8.485960112203992,8.481050747188174,8.036585365853659,9.019607843137255,1.0,55.64666666666667,6.7283333333333335,0.12091170480412124,97.825,0.7276156591946066,0.5677704820119681
parameter-search-v2,profile_0064,trio_a,7.987952056564419,8.333333333333362,8.33333333333336,6.951808226257588,0.0,8.333333333333371,1.0,48.40833333333333,0.0,0.0,0.0,0.6361161928886387,0.4721308232531143
parameter-search-v2,profile_0064,trio_b,7.881080383587327,8.33333333333332,8.333333333333318,6.524321534349355,0.0,8.333333333333343,1.0,35.67166666666667,0.0,0.0,0.0,0.4818908903274228,0.33849550002800777
parameter-search-v2,profile_0064,fives,6.385410421050397,8.0,7.6898363815709505,2.1619689210596844,0.0,8.0,1.0,20.173333333333332,0.0,0.0,0.0,0.26886765195588724,0.18013857057974705
parameter-search-v2,profile_0064,cumulative_a,9.480653105038584,9.75,9.727610764385934,8.717390891382468,5.0,9.75,1.0,48.045,0.0,0.0,0.0,0.6361161928886387,0.4721308232531143
parameter-search-v2,profile_0064,cumulative_b,8.304928203212757,9.24968666855836,9.03291453349038,5.904197077311903,0.0,9.25,1.0,36.04,0.0,0.0,0.0,0.4818908903274228,0.33849550002800777
parameter-search-v2,profile_0064,infinite_scroll,6.735052631496822,7.256169070119716,6.790699869200689,6.102641717466192,2.0,11.2,1.0,16.911666666666665,0.0,0.0,0.0,1.0,1.0
parameter-search-v2,profile_0064,simple_a,9.493800663781943,9.554843794579382,9.46121157518839,9.497935710171607,9.107505070993914,9.811507936507937,1.0,66.42666666666666,14.075,0.21188779606583702,194.15833333333333,0.859001988723351,0.7264779596048946
parameter-search-v2,profile_0064,simple_b,8.522338549632632,8.543968595635423,8.502867205721639,8.539651191451828,7.817109144542773,8.938053097345133,1.0,48.32333333333333,5.925,0.12261157480858109,84.175,0.6361161928886387,0.4721308232531143
parameter-search-v2,profile_0065,trio_a,7.845834185699452,8.333333333333314,8.332535121328203,6.3849331668080875,0.0,8.33333333333333,1.0,34.443333333333335,0.0,0.0,0.0,0.4544359235535706,0.3246049701932055
parameter-search-v2,profile_0065,trio_b,7.971988092429468,8.333333333333355,8.333333333333353,6.887952369717813,0.0,8.333333333333366,1.0,45.81333333333333,0.0,0.0,0.0,0.6058556639438991,0.4538703943115708
parameter-search-v2,profile_0065,fives,7.958451081761956,9.0,8.997446054093746,4.83891221886033,0.0,9.0,1.0,34.335,0.0016666666666666668,4.854133294500267e-05,0.0,0.45443592355357065,0.3246049701932055
parameter-search-v2,profile_0065,cumulative_a,8.624714697485903,9.25,9.212833890987163,6.82319100796929,0.0,9.25,1.0,54.538333333333334,0.0,0.0,0.0,0.7124904507257448,0.559222150398621
parameter-search-v2,profile_0065,cumulative_b,8.252191106440478,9.249121676375538,8.99773962095887,5.764163507468638,0.0,9.25,1.0,33.95166666666667,0.0,0.0,0.0,0.45443592355357065,0.3246049701932055
parameter-search-v2,profile_0065,infinite_scroll,6.726112471975215,7.340962878330181,6.723438815545501,6.116609378479675,2.0,10.6,1.0,16.761666666666667,0.0,0.0,0.0,1.0,1.0
parameter-search-v2,profile_0065,simple_a,9.480063771687961,9.4569405752011,9.47145782782328,9.520398855904185,9.12280701754386,9.78048780487805,1.0,54.45,13.335,0.24490358126721762,179.05833333333334,0.7124904507257448,0.559222150398621
parameter-search-v2,profile_0065,simple_b,8.489846771485606,8.414814030642521,8.493536791053131,8.557499473193646,8.069908814589665,8.866459627329192,1.0,45.70666666666666,6.663333333333333,0.14578471411901983,91.75,0.6058556639438992,0.4538703943115708
parameter-search-v2,profile_0066,trio_a,7.799675916626418,8.333333333333307,8.333333333333306,6.198703666505752,0.0,8.333333333333318,1.0,32.251666666666665,0.0,0.0,0.0,0.45443592355357065,0.3246049701932055
parameter-search-v2,profile_0066,trio_b,8.012941036480624,8.333333333333373,8.333333333333373,7.051764145922381,0.0,8.333333333333382,1.0,52.7,0.0,0.0,0.0,0.7124904507257449,0.559222150398621
parameter-search-v2,profile_0066,fives,8.175140354960265,9.0,9.0,5.700561419841055,0.0,9.0,1.0,43.90833333333333,0.0,0.0,0.0,0.6058556639438992,0.4538703943115708
parameter-search-v2,profile_0066,cumulative_a,10.0,10.0,10.0,10.0,10.0,10.0,1.0,32.60166666666667,3.881666666666667,0.11906344256428608,38.81666666666667,0.45443592355357065,0.3246049701932055
parameter-search-v2,profile_0066,cumulative_b,8.206740408483927,9.248419232453486,8.960561696121852,5.657419009238521,0.0,9.25,1.0,32.35333333333333,0.0,0.0,0.0,0.45443592355357065,0.3246049701932055
parameter-search-v2,profile_0066,infinite_scroll,7.164567519092204,7.757352326397692,7.202498594236476,6.495920561498171,2.0,11.838709677419354,1.0,29.593333333333334,0.0,0.0,0.0,1.0,1.0
parameter-search-v2,profile_0066,simple_a,9.49077909050801,9.483271775291291,9.47956607239229,9.520712441956173,9.104046242774567,9.92283950617284,1.0,43.931666666666665,9.013333333333334,0.20516711559619105,125.975,0.6058556639438992,0.4538703943115708
parameter-search-v2,profile_0066,simple_b,8.534783597444177,8.57203512024255,8.519774647220327,8.527549975093507,8.090185676392572,8.96551724137931,1.0,52.66,7.105,0.1349221420432966,100.71666666666667,0.7124904507257448,0.559222150398621
parameter-search-v2,profile_0067,trio_a,7.9656593495986,8.333333333333353,8.333333333333353,6.862637398394341,0.0,8.333333333333364,1.0,45.3,0.0,0.0,0.0,0.5991603984251043,0.45025587157940095
parameter-search-v2,profile_0067,trio_b,7.830750748589333,8.33333333333331,8.331625224014314,6.3264192129953924,0.0,8.333333333333325,1.0,33.615,0.0,0.0,0.0,0.44858768682298095,0.3219205630970337
parameter-search-v2,profile_0067,fives,8.21862881448602,9.0,9.0,5.8745152579440845,0.0,9.0,1.0,45.598333333333336,0.0,0.0,0.0,0.5991603984251043,0.45025587157940095
parameter-search-v2,profile_0067,cumulative_a,10.0,10.0,10.0,10.0,10.0,10.0,1.0,33.945,3.0633333333333335,0.0902440221927628,30.633333333333333,0.44858768682298095,0.3219205630970337
parameter-search-v2,profile_0067,cumulative_b,10.0,10.0,10.0,10.0,10.0,10.0,1.0,45.13666666666666,2.51,0.055608891514659184,25.1,0.5991603984251043,0.45025587157940095
parameter-search-v2,profile_0067,infinite_scroll,8.546900019062837,9.029185161018422,8.51086291932967,8.136689076573592,5.0,11.555555555555555,1.0,17.453333333333333,0.0,0.0,0.0,1.0,1.0
parameter-search-v2,profile_0067,simple_a,9.529689192656061,9.546733770227634,9.533666799277913,9.504689401840785,8.819018404907975,9.924698795180722,1.0,45.151666666666664,8.201666666666666,0.18164704145288102,119.80833333333334,0.5991603984251043,0.45025587157940095
parameter-search-v2,profile_0067,simple_b,8.47359431920356,8.516641120786026,8.433956861687683,8.50982243265285,8.0625,8.936708860759493,1.0,53.8,6.225,0.11570631970260223,91.93333333333334,0.7061830326536208,0.5551353874883287
parameter-search-v2,profile_0068,trio_a,9.429597444717993,10.0,10.0,7.718389778871971,0.0,10.0,1.0,34.585,1.6683333333333332,0.048238639101730034,8.4,0.4655310375898611,0.33018599048010816
parameter-search-v2,profile_0068,trio_b,9.574760102620772,10.0,10.0,8.299040410483089,0.0,10.0,1.0,46.60166666666667,1.315,0.028217874897178214,5.2,0.617998667998668,0.46128038628038626
parameter-search-v2,profile_0068,fives,7.965053596347026,9.0,8.998248921190099,4.863716543007907,0.0,9.0,1.0,34.916666666666664,0.0,0.0,0.0,0.4655310375898611,0.33018599048010816
parameter-search-v2,profile_0068,cumulative_a,10.0,10.0,10.0,10.0,10.0,10.0,1.0,35.151666666666664,0.43166666666666664,0.01228011948224361,4.316666666666666,0.4655310375898611,0.33018599048010816
parameter-search-v2,profile_0068,cumulative_b,9.381079914015123,9.749937051212129,9.676216494267129,8.421949616314107,5.0,9.75,1.0,35.068333333333335,0.0,0.0,0.0,0.4655310375898611,0.33018599048010816
parameter-search-v2,profile_0068,infinite_scroll,8.497861569544806,8.89362346417322,8.494014817047447,8.109793179911112,5.0,11.725806451612904,1.0,16.786666666666665,0.0,0.0,0.0,1.0,1.0
parameter-search-v2,profile_0068,simple_a,9.466423643793462,9.45399152513243,9.478274565858449,9.455153918324521,9.078341013824884,9.82843137254902,1.0,55.611666666666665,9.558333333333334,0.17187640483112057,142.675,0.7236195177371647,0.5673705379587733
parameter-search-v2,profile_0068,simple_b,8.53048616139801,8.507111825014395,8.5572453803786,8.500342059820444,8.161434977578475,8.939051918735892,1.0,61.278333333333336,7.026666666666666,0.11466804471400985,105.18333333333334,0.7962576639047226,0.650605113840408
parameter-search-v2,profile_0069,trio_a,9.412818060052455,10.0,10.0,7.651272240209825,0.0,10.0,1.0,33.638333333333335,2.2683333333333335,0.06743298815835108,12.4,0.46553103758986114,0.33018599048010816
parameter-search-v2,profile_0069,trio_b,9.623969908489105,10.0,10.0,8.495879633956417,0.0,10.0,1.0,53.95166666666667,2.138333333333333,0.03963424052392574,11.35,0.7236195177371648,0.5673705379587733
parameter-search-v2,profile_0069,fives,7.0478015932681,8.0,7.989918203508765,4.21136996605487,0.0,8.0,1.0,33.72666666666667,0.0,0.0,0.0,0.46553103758986114,0.33018599048010816
parameter-search-v2,profile_0069,cumulative_a,10.0,10.0,10.0,10.0,10.0,10.0,1.0,33.531666666666666,0.4583333333333333,0.01366867140513942,4.583333333333333,0.46553103758986114,0.33018599048010816
parameter-search-v2,profile_0069,cumulative_b,9.361423974059598,9.749804966979292,9.662126327439223,8.371638274380652,5.0,9.75,1.0,33.486666666666665,0.0,0.0,0.0,0.46553103758986114,0.33018599048010816
parameter-search-v2,profile_0069,infinite_scroll,8.14494455232509,8.395618772226081,8.154141027343027,7.875877382388222,5.0,10.801470588235293,1.0,26.52166666666667,0.0,0.0,0.0,1.0,1.0
parameter-search-v2,profile_0069,simple_a,9.525130056905939,9.567922416897204,9.479659881158168,9.57327804841021,9.162995594713657,9.910913140311804,1.0,59.71333333333333,10.243333333333334,0.1715418108741766,152.98333333333332,0.7962576639047227,0.650605113840408
parameter-search-v2,profile_0069,simple_b,8.477433709367393,8.411803101866118,8.506813960899503,8.484303813804445,7.906976744186046,9.054054054054054,1.0,45.43,4.891666666666667,0.10767481106464158,73.08333333333333,0.6179986679986681,0.46128038628038626
parameter-search-v2,profile_0070,trio_a,9.560710247224794,10.0,10.0,8.242840988899179,0.0,10.0,1.0,45.69166666666667,3.3766666666666665,0.0739011490060186,23.6,0.6058556639438992,0.4538703943115707
parameter-search-v2,profile_0070,trio_b,9.412943285642742,10.0,10.0,7.651773142570965,0.0,10.0,1.0,33.931666666666665,1.195,0.035217839776020436,3.6,0.4544359235535706,0.3246049701932055
parameter-search-v2,profile_0070,fives,7.031599681614009,8.0,7.99308005875397,4.140238608948094,0.0,8.0,1.0,33.86333333333334,0.0,0.0,0.0,0.4544359235535706,0.3246049701932055
parameter-search-v2,profile_0070,cumulative_a,9.463987439470852,9.75,9.720727946895874,8.66449386409166,5.0,9.75,1.0,45.62833333333333,0.0,0.0,0.0,0.6058556639438992,0.4538703943115707
parameter-search-v2,profile_0070,cumulative_b,8.238001478258195,9.249455923240209,8.992157460239318,5.718235069313931,0.0,9.25,1.0,33.91833333333334,0.0,0.0,0.0,0.45443592355357065,0.3246049701932055
parameter-search-v2,profile_0070,infinite_scroll,8.862952008078093,9.279065320136397,8.871282344389204,8.430178023397565,5.0,12.125,1.0,18.12,0.0,0.0,0.0,1.0,1.0
parameter-search-v2,profile_0070,simple_a,9.508384609841466,9.529752351964387,9.5119547715459,9.479876544309672,9.076354679802956,9.825436408977556,1.0,54.428333333333335,9.396666666666667,0.17264292494717826,138.24166666666667,0.7124904507257449,0.559222150398621
parameter-search-v2,profile_0070,simple_b,8.506575033771302,8.521370366928725,8.489339750349922,8.526250267456643,8.142523364485982,8.939024390243903,1.0,54.41833333333334,6.031666666666666,0.1108388717037763,89.49166666666666,0.7124904507257449,0.559222150398621
parameter-search-v2,profile_0071,trio_a,9.430213969222464,10.0,10.0,7.720855876889859,0.0,10.0,1.0,35.62,1.85,0.051937113980909604,9.9,0.47307535945306844,0.3329015841399743
parameter-search-v2,profile_0071,trio_b,9.577092368024845,10.0,10.0,8.308369472099377,0.0,10.0,1.0,47.04,1.4216666666666666,0.03022250566893424,5.15,0.6271469758311864,0.4650386507197653
parameter-search-v2,profile_0071,fives,6.390420736042823,8.0,7.703377411836078,2.1549281204991346,0.0,8.0,1.0,19.751666666666665,0.0,0.0,0.0,0.2631126226714462,0.1770210998152175
parameter-search-v2,profile_0071,cumulative_a,9.386148327651537,9.749955678096157,9.680080271721058,8.434477089067872,5.0,9.75,1.0,35.805,0.0,0.0,0.0,0.47307535945306844,0.3329015841399743
parameter-search-v2,profile_0071,cumulative_b,9.476001864624578,9.75,9.724652895199103,8.704701668100112,5.0,9.75,1.0,47.375,0.0,0.0,0.0,0.6271469758311864,0.4650386507197653
parameter-search-v2,profile_0071,infinite_scroll,6.779130619448016,7.375948861470974,6.748044585843874,6.244484444633339,2.0,11.5,1.0,16.95,0.0,0.0,0.0,1.0,1.0
parameter-search-v2,profile_0071,simple_a,9.507181091817104,9.487297249154828,9.519088289019624,9.503250540074337,9.026442307692308,9.902676399026763,1.0,55.70666666666666,9.876666666666667,0.1772977501196745,146.20833333333334,0.7324373081339025,0.571832106661828
parameter-search-v2,profile_0071,simple_b,8.503329710664929,8.540329708481433,8.466759688948576,8.539469756281129,8.017621145374449,8.834745762711865,1.0,61.751666666666665,6.851666666666667,0.11095516990094734,101.925,0.8040053986261416,0.6552663238034755
parameter-search-v2,profile_0072,trio_a,9.563498728855055,10.0,10.0,8.253994915420217,0.0,10.0,1.0,45.2,4.636666666666667,0.1025811209439528,36.0,0.5991603984251043,0.45025587157940095
parameter-search-v2,profile_0072,trio_b,7.816789995577653,8.333333333333309,8.33333333333331,6.267159982310684,0.0,8.333333333333325,1.0,33.685,0.0,0.0,0.0,0.4485876868229809,0.3219205630970337
parameter-search-v2,profile_0072,fives,7.291218753777079,8.0,8.0,5.164875015108319,0.0,8.0,1.0,44.835,0.0,0.0,0.0,0.5991603984251043,0.45025587157940095
parameter-search-v2,profile_0072,cumulative_a,8.25287200065985,9.249515479577395,9.00316084718994,5.755650828682123,0.0,9.25,1.0,33.68666666666667,0.0,0.0,0.0,0.4485876868229809,0.3219205630970337
parameter-search-v2,profile_0072,cumulative_b,10.0,10.0,10.0,10.0,10.0,10.0,1.0,53.7,2.57,0.0478584729981378,25.7,0.7061830326536208,0.5551353874883287
parameter-search-v2,profile_0072,infinite_scroll,8.887306834608705,9.3147244823618,8.898540983179185,8.437420889714648,5.0,12.086206896551724,1.0,18.628333333333334,0.0,0.0,0.0,1.0,1.0
parameter-search-v2,profile_0072,simple_a,9.510815375263656,9.512586735461309,9.513139272367521,9.504396220858272,9.107142857142858,9.95702005730659,1.0,45.16166666666667,7.756666666666667,0.17175333062700668,114.25833333333334,0.5991603984251043,0.450255871579401
parameter-search-v2,profile_0072,simple_b,8.495310860727022,8.505022529847073,8.498552843885527,8.479115225289961,7.911764705882353,8.920118343195266,1.0,45.10333333333333,5.036666666666667,0.11166949966743034,74.68333333333334,0.5991603984251043,0.450255871579401
parameter-search-v2,profile_0073,trio_a,9.633971377199332,10.0,10.0,8.535885508797325,0.0,10.0,1.0,53.776666666666664,3.775,0.07019773135808591,27.8,0.7324373081339026,0.571832106661828
parameter-search-v2,profile_0073,trio_b,9.37668090503622,10.0,9.999031007751938,7.508661604641003,0.0,10.0,1.0,33.81,0.9266666666666666,0.02740806467514542,1.85,0.47307535945306844,0.3329015841399743
parameter-search-v2,profile_0073,fives,7.0172012609021905,8.996853146853146,8.51693057508748,2.038090746580654,0.0,9.0,1.0,18.64666666666667,0.0,0.0,0.0,0.26311262267144625,0.1770210998152175
parameter-search-v2,profile_0073,cumulative_a,10.0,10.0,10.0,10.0,10.0,10.0,1.0,45.125,0.5733333333333334,0.012705447830101569,5.733333333333333,0.6271469758311864,0.4650386507197653
parameter-search-v2,profile_0073,cumulative_b,8.25215598646282,9.249365351040797,8.99991029985988,5.759437995090722,0.0,9.25,1.0,33.845,0.0,0.0,0.0,0.47307535945306844,0.3329015841399743
parameter-search-v2,profile_0073,infinite_scroll,7.13909443269655,7.6653158373099615,7.192185355605956,6.506691182264324,2.0,12.166666666666666,1.0,29.025,0.0,0.0,0.0,1.0,1.0
parameter-search-v2,profile_0073,simple_a,9.495203712466203,9.463035718013051,9.504841738200847,9.50809565545007,9.155982905982906,9.890829694323145,1.0,60.248333333333335,10.011666666666667,0.16617333812830232,149.70833333333334,0.8040053986261416,0.6552663238034755
parameter-search-v2,profile_0073,simple_b,8.46758156681779,8.416574704053366,8.468737966989787,8.516275629238221,8.075801749271138,9.0,1.0,45.52333333333333,4.713333333333333,0.1035366478728857,70.54166666666667,0.6271469758311864,0.46503865071976525
parameter-search-v2,profile_0074,trio_a,9.404507741347128,10.0,10.0,7.618030965388518,0.0,10.0,1.0,33.61,2.8133333333333335,0.08370524645442824,17.5,0.4678284821473676,0.33000497094924347
parameter-search-v2,profile_0074,trio_b,7.846898933651478,8.333333333333309,8.333333333333309,6.387595734605987,0.0,8.333333333333327,1.0,33.416666666666664,0.0,0.0,0.0,0.4678284821473676,0.33000497094924347
parameter-search-v2,profile_0074,fives,7.031544125555103,9.0,8.504108366952913,2.117959768314588,0.0,9.0,1.0,18.37,0.0,0.0,0.0,0.25979682082623257,0.17543543058248942
parameter-search-v2,profile_0074,cumulative_a,10.0,10.0,10.0,10.0,10.0,10.0,1.0,53.94,2.9433333333333334,0.05456680262019528,29.433333333333334,0.7276156591946066,0.5677704820119681
parameter-search-v2,profile_0074,cumulative_b,9.506867263839462,9.75,9.736354771640823,8.804759512076203,5.0,9.75,1.0,53.46,0.0,0.0,0.0,0.7276156591946066,0.5677704820119681
parameter-search-v2,profile_0074,infinite_scroll,8.5576152674294,8.95606758699311,8.546952260069695,8.180488962585098,5.0,11.6,1.0,28.105,0.0,0.0,0.0,1.0,1.0
parameter-search-v2,profile_0074,simple_a,9.457376451158765,9.43270294875939,9.478528040796563,9.439746774282549,8.992537313432836,10.064935064935066,1.0,53.84,9.156666666666666,0.17007181773155028,135.30833333333334,0.7276156591946066,0.5677704820119681
parameter-search-v2,profile_0074,simple_b,8.522251372757044,8.562417415839978,8.489822944413183,8.546942186361834,8.030303030303031,9.015151515151516,1.0,45.25833333333333,5.086666666666667,0.11239182470999816,75.475,0.6216992372952125,0.46124318148311955
parameter-search-v2,profile_0075,trio_a,7.96738545164539,8.333333333333355,8.333333333333353,6.869541806581495,0.0,8.333333333333366,1.0,45.715,0.0,0.0,0.0,0.6271469758311864,0.4650386507197653
parameter-search-v2,profile_0075,trio_b,9.62214795588695,10.0,10.0,8.4885918235478,0.0,10.0,1.0,54.44,4.26,0.07825128581925055,32.05,0.7324373081339026,0.571832106661828
parameter-search-v2,profile_0075,fives,7.069584524000197,9.0,8.538914608364772,2.2005088792712435,0.0,9.0,1.0,18.703333333333333,0.0,0.0,0.0,0.26311262267144625,0.1770210998152175
parameter-search-v2,profile_0075,cumulative_a,8.269725178437536,9.249148066405477,9.005179121257823,5.819394404829018,0.0,9.25,1.0,34.18666666666667,0.0,0.0,0.0,0.47307535945306844,0.3329015841399743
parameter-search-v2,profile_0075,cumulative_b,9.370585892787837,9.749805146984212,9.666278563535291,8.399981297096556,5.0,9.75,1.0,34.14333333333333,0.0,0.0,0.0,0.47307535945306844,0.3329015841399743
parameter-search-v2,profile_0075,infinite_scroll,6.167341448774042,6.582601717250812,6.207449623468007,5.671864830909343,2.0,10.262295081967213,1.0,26.71,0.0,0.0,0.0,1.0,1.0
parameter-search-v2,profile_0075,simple_a,9.538384378319318,9.549623996837635,9.540694022352566,9.5225254717345,9.056047197640117,9.924012158054712,1.0,45.59166666666667,8.451666666666666,0.1853774447084628,123.06666666666666,0.6271469758311864,0.4650386507197653
parameter-search-v2,profile_0075,simple_b,8.519730137191758,8.512738874065013,8.53172940094655,8.50272287280892,8.140311804008908,8.905579399141631,1.0,60.51,7.288333333333333,0.12044841073100865,107.10833333333333,0.8040053986261416,0.6552663238034755
parameter-search-v2,profile_0076,trio_a,9.627054966358589,10.0,10.0,8.50821986543436,0.0,10.0,1.0,53.666666666666664,4.256666666666667,0.0793167701863354,32.2,0.7276156591946067,0.5677704820119681
parameter-search-v2,profile_0076,trio_b,9.42501555318231,10.0,10.0,7.700062212729246,0.0,10.0,1.0,33.88333333333333,1.0283333333333333,0.030349237579931135,2.85,0.46782848214736766,0.3300049709492434
parameter-search-v2,profile_0076,fives,6.986879647224811,9.0,8.520753671498777,1.9060112459016907,0.0,9.0,1.0,18.3,0.0,0.0,0.0,0.2597968208262326,0.17543543058248942
parameter-search-v2,profile_0076,cumulative_a,10.0,10.0,10.0,10.0,10.0,10.0,1.0,33.43333333333333,0.585,0.017497507477567297,5.85,0.46782848214736766,0.3300049709492434
parameter-search-v2,profile_0076,cumulative_b,9.50816547424699,9.75,9.736845135740307,8.808971625507342,5.0,9.75,1.0,53.711666666666666,0.0,0.0,0.0,0.7276156591946067,0.5677704820119681
parameter-search-v2,profile_0076,infinite_scroll,6.749487117688938,7.3315938038910975,6.744361739525976,6.177631187812702,2.0,11.174603174603174,1.0,28.098333333333333,0.0,0.0,0.0,1.0,1.0
parameter-search-v2,profile_0076,simple_a,9.523209246225317,9.512738978770034,9.534580657821559,9.510936690488117,9.176755447941888,9.841463414634147,1.0,53.568333333333335,9.038333333333334,0.168725304128683,134.75833333333333,0.7276156591946067,0.5677704820119681
parameter-search-v2,profile_0076,simple_b,8.545176481502006,8.579661035597661,8.511319541841054,8.578405806728254,7.829912023460411,9.020172910662824,1.0,45.33833333333333,5.091666666666667,0.11230379002315921,76.15,0.6216992372952126,0.46124318148311955
parameter-search-v2,profile_0077,trio_a,9.632774128453544,10.0,10.0,8.531096513814175,0.0,10.0,1.0,54.6,5.585,0.10228937728937729,45.95,0.7124904507257449,0.559222150398621
parameter-search-v2,profile_0077,trio_b,7.85408757911394,8.333333333333313,8.33333333333331,6.416350316455826,0.0,8.33333333333333,1.0,34.318333333333335,0.0,0.0,0.0,0.45443592355357065,0.3246049701932055
parameter-search-v2,profile_0077,fives,7.94708013265833,9.0,8.995620252707107,4.797080025219107,0.0,9.0,1.0,34.305,0.0,0.0,0.0,0.45443592355357065,0.3246049701932055
parameter-search-v2,profile_0077,cumulative_a,9.372740877267093,9.749771402098567,9.669911971868508,8.401368163232787,5.0,9.75,1.0,34.14666666666667,0.0,0.0,0.0,0.45443592355357065,0.3246049701932055
parameter-search-v2,profile_0077,cumulative_b,8.624622977736049,9.25,9.212671125498165,6.823149659947862,0.0,9.25,1.0,54.44,0.0,0.0,0.0,0.7124904507257449,0.559222150398621
parameter-search-v2,profile_0077,infinite_scroll,6.226002270526846,6.685021432527972,6.227112809849308,5.7647620298807976,2.0,9.851851851851851,1.0,16.038333333333334,0.0,0.0,0.0,1.0,1.0
parameter-search-v2,profile_0077,simple_a,9.498473248599552,9.540819539284392,9.478754229929887,9.495564995254044,8.975069252077562,9.959239130434783,1.0,46.25666666666667,8.826666666666666,0.1908193413562009,127.38333333333334,0.6058556639438992,0.4538703943115708
parameter-search-v2,profile_0077,simple_b,8.508340690960521,8.43478788880276,8.517102662510313,8.5643695500187,7.994011976047904,8.913649025069638,1.0,45.895,5.588333333333333,0.12176344554599267,81.625,0.6058556639438992,0.4538703943115708
parameter-search-v2,profile_0078,trio_a,9.423917373795497,10.0,10.0,7.695669495181988,0.0,10.0,1.0,35.641666666666666,2.76,0.07743745616086041,17.55,0.47307535945306844,0.3329015841399743
parameter-search-v2,profile_0078,trio_b,9.583107511024561,10.0,10.0,8.332430044098242,0.0,10.0,1.0,47.346666666666664,2.1683333333333334,0.04579695860321036,11.5,0.6271469758311864,0.4650386507197653
parameter-search-v2,profile_0078,fives,7.13286173784269,9.0,8.627642727222488,2.276161496925783,0.0,9.0,1.0,19.673333333333332,0.0,0.0,0.0,0.2631126226714462,0.1770210998152175
parameter-search-v2,profile_0078,cumulative_a,9.51401152675201,9.75,9.739131753437473,8.82778260013309,5.0,9.75,1.0,55.656666666666666,0.0,0.0,0.0,0.7324373081339025,0.571832106661828
parameter-search-v2,profile_0078,cumulative_b,9.378378913787467,9.749845754402154,9.675562063376363,8.412545773994989,5.0,9.75,1.0,35.405,0.0,0.0,0.0,0.47307535945306844,0.3329015841399743
parameter-search-v2,profile_0078,infinite_scroll,8.897007003711062,9.472949455225315,8.858320861410949,8.398436836797034,5.0,12.676470588235293,1.0,17.298333333333332,0.0,0.0,0.0,1.0,1.0
parameter-search-v2,profile_0078,simple_a,9.487912557747661,9.476483567080683,9.477758057922,9.519650548065966,8.997175141242938,10.08955223880597,1.0,47.36,8.088333333333333,0.17078406531531531,118.975,0.6271469758311864,0.4650386507197653
parameter-search-v2,profile_0078,simple_b,8.508466454547223,8.506575509912082,8.533321264955603,8.460647778365605,8.148936170212766,8.839285714285714,1.0,61.61833333333333,6.983333333333333,0.11333207108274053,103.89166666666667,0.8040053986261416,0.6552663238034755
parameter-search-v2,profile_0079,trio_a,9.442046879661756,10.0,10.0,7.76818751864703,0.0,10.0,1.0,35.19833333333333,2.3266666666666667,0.06610161465978502,13.15,0.4678284821473676,0.3300049709492434
parameter-search-v2,profile_0079,trio_b,8.034992010345821,8.333333333333377,8.333333333333377,7.139968041383156,0.0,8.333333333333384,1.0,55.47666666666667,0.0,0.0,0.0,0.7276156591946066,0.5677704820119681
parameter-search-v2,profile_0079,fives,6.337050175299887,8.0,7.647740239733253,2.052720221733041,0.0,8.0,1.0,19.28,0.0,0.0,0.0,0.25979682082623257,0.17543543058248942
parameter-search-v2,profile_0079,cumulative_a,10.0,10.0,10.0,10.0,10.0,10.0,1.0,47.35333333333333,1.8566666666666667,0.03920878502041391,18.566666666666666,0.6216992372952125,0.46124318148311955
parameter-search-v2,profile_0079,cumulative_b,10.0,10.0,10.0,10.0,10.0,10.0,1.0,35.163333333333334,0.57,0.016210067304957818,5.7,0.4678284821473676,0.3300049709492434
parameter-search-v2,profile_0079,infinite_scroll,8.146964943139883,8.52402680083312,8.099001260991013,7.865830449744392,5.0,11.125,1.0,15.608333333333333,0.0,0.0,0.0,1.0,1.0
parameter-search-v2,profile_0079,simple_a,9.497936908306418,9.499213869311964,9.503659964189938,9.485213835533838,9.0311004784689,9.868421052631579,1.0,56.06666666666667,9.298333333333334,0.16584423305588586,138.90833333333333,0.7276156591946066,0.5677704820119681
parameter-search-v2,profile_0079,simple_b,8.511833776860032,8.553882742475448,8.505558105014746,8.482336154935183,8.1651376146789,9.016990291262136,1.0,55.85333333333333,5.948333333333333,0.1064991644783958,89.0,0.7276156591946066,0.5677704820119681
parameter-search-v2,profile_0080,trio_a,9.438638665868426,10.0,10.0,7.754554663473707,0.0,10.0,1.0,35.17666666666667,1.12,0.031839287406424714,4.85,0.48995390574337944,0.34189389901464207
parameter-search-v2,profile_0080,trio_b,9.572331748818984,10.0,10.0,8.289326995275932,0.0,10.0,1.0,46.998333333333335,0.9966666666666667,0.021206425759778717,3.65,0.6445768498787074,0.47681633382097777
parameter-search-v2,profile_0080,fives,6.386453669700347,8.0,7.6911349418885795,2.1635447950242312,0.0,8.0,1.0,19.623333333333335,0.0,0.0,0.0,0.2737745098039216,0.18194281208987093
parameter-search-v2,profile_0080,cumulative_a,10.0,10.0,10.0,10.0,10.0,10.0,1.0,35.211666666666666,0.2966666666666667,0.008425237847304397,2.966666666666667,0.48995390574337944,0.34189389901464207
parameter-search-v2,profile_0080,cumulative_b,9.381557767048246,9.74990175462391,9.677159157416352,8.422010998736376,5.0,9.75,1.0,35.525,0.0,0.0,0.0,0.48995390574337944,0.34189389901464207
parameter-search-v2,profile_0080,infinite_scroll,6.18229575898778,6.56922483536326,6.211459755874732,5.737038688838398,2.0,9.757575757575758,1.0,26.205,0.0,0.0,0.0,1.0,1.0
parameter-search-v2,profile_0080,simple_a,9.50855207915701,9.517515231934343,9.489373126801512,9.537946831090675,8.979591836734693,9.835390946502057,1.0,65.82833333333333,11.503333333333334,0.17474744917335494,172.03333333333333,0.8640351908153765,0.7311536760453169
parameter-search-v2,profile_0080,simple_b,8.49358196915663,8.502726873151397,8.521782177617196,8.428036648240727,7.9834905660377355,8.91826923076923,1.0,55.431666666666665,6.083333333333333,0.10974473074957154,91.10833333333333,0.7477517322718561,0.5844054809999083
parameter-search-v2,profile_0081,trio_a,9.38606374091971,10.0,10.0,7.5442549636788385,0.0,10.0,1.0,32.263333333333335,3.611666666666667,0.11194338258084513,25.9,0.44858768682298095,0.3219205630970337
parameter-search-v2,profile_0081,trio_b,9.620139313886964,10.0,10.0,8.480557255547858,0.0,10.0,1.0,52.61333333333334,3.533333333333333,0.06715661429295489,25.0,0.7061830326536209,0.5551353874883287
parameter-search-v2,profile_0081,fives,8.178959767655055,9.0,9.0,5.715839070620225,0.0,9.0,1.0,44.041666666666664,0.0,0.0,0.0,0.5991603984251044,0.450255871579401
parameter-search-v2,profile_0081,cumulative_a,9.349223300875792,9.749339962614929,9.655163462197972,8.337226316492293,5.0,9.75,1.0,32.60333333333333,0.0,0.0,0.0,0.44858768682298095,0.3219205630970337
parameter-search-v2,profile_0081,cumulative_b,9.451291195517742,9.75,9.715893316560775,8.623378148949415,5.0,9.75,1.0,43.97666666666667,0.0,0.0,0.0,0.5991603984251044,0.450255871579401
parameter-search-v2,profile_0081,infinite_scroll,8.148851791211701,8.416786113195855,8.188856985328451,7.800907080994046,5.0,10.879032258064516,1.0,26.876666666666665,0.0,0.0,0.0,1.0,1.0
parameter-search-v2,profile_0081,simple_a,9.516102500562216,9.586106991952802,9.465671157862369,9.546960694571327,9.04320987654321,10.0,1.0,43.86833333333333,7.753333333333333,0.17674100528095438,113.425,0.5991603984251044,0.450255871579401
parameter-search-v2,profile_0081,simple_b,8.497523490077864,8.45793223677298,8.55378190780496,8.42459790792856,8.051359516616314,8.8801261829653,1.0,43.75666666666667,5.101666666666667,0.11659175744648434,75.19166666666666,0.5991603984251044,0.450255871579401
parameter-search-v2,profile_0082,trio_a,9.620278439321668,10.0,10.0,8.481113757286673,0.0,10.0,1.0,52.763333333333335,6.275,0.11892728536230969,52.15,0.7124904507257449,0.559222150398621
parameter-search-v2,profile_0082,trio_b,7.828565335469364,8.333333333333309,8.333333333333307,6.314261341877531,0.0,8.333333333333325,1.0,32.66,0.0,0.0,0.0,0.45443592355357065,0.3246049701932055
parameter-search-v2,profile_0082,fives,7.00906884136253,8.0,7.9871790946643815,4.061917176121357,0.0,8.0,1.0,32.99,0.0,0.0,0.0,0.45443592355357065,0.3246049701932055
parameter-search-v2,profile_0082,cumulative_a,9.502324643246435,9.75,9.734796785546617,8.78970500189251,5.0,9.75,1.0,52.54833333333333,0.0,0.0,0.0,0.7124904507257449,0.559222150398621
parameter-search-v2,profile_0082,cumulative_b,8.1878039840068,9.249051538513907,8.948905241458212,5.60435391459687,0.0,9.25,1.0,32.62833333333333,0.0,0.0,0.0,0.45443592355357065,0.3246049701932055
parameter-search-v2,profile_0082,infinite_scroll,8.569673605193397,8.973325235716896,8.567275452681868,8.17081827969296,5.0,11.962264150943396,1.0,28.085,0.0,0.0,0.0,1.0,1.0
parameter-search-v2,profile_0082,simple_a,9.494853874519555,9.464839306611221,9.508167151360654,9.49824188874569,9.108761329305135,10.136778115501519,1.0,44.17,8.305,0.18802354539280056,118.78333333333333,0.6058556639438992,0.4538703943115708
parameter-search-v2,profile_0082,simple_b,8.496299086816865,8.572306694890186,8.47679817219944,8.459293307978395,7.928994082840236,8.966049382716049,1.0,44.155,5.42,0.1227494055033405,78.31666666666666,0.6058556639438992,0.4538703943115708
parameter-search-v2,profile_0083,trio_a,9.629249113533195,10.0,10.0,8.516996454132778,0.0,10.0,1.0,54.42333333333333,4.6,0.08452256997611318,35.7,0.7324373081339025,0.571832106661828
parameter-search-v2,profile_0083,trio_b,7.845192234871955,8.333333333333314,8.333333333333313,6.380768939487879,0.0,8.333333333333327,1.0,34.30166666666667,0.0,0.0,0.0,0.47307535945306844,0.3329015841399743
parameter-search-v2,profile_0083,fives,7.060642985804414,9.0,8.512829722185966,2.216912498845722,0.0,9.0,1.0,18.446666666666665,0.0,0.0,0.0,0.26311262267144625,0.1770210998152175
parameter-search-v2,profile_0083,cumulative_a,8.51480360330355,9.25,9.165505147412201,6.478204118389795,0.0,9.25,1.0,45.843333333333334,0.0,0.0,0.0,0.6271469758311864,0.4650386507197653
parameter-search-v2,profile_0083,cumulative_b,9.36920377639921,9.749552661332034,9.668822751849646,8.389616940565517,5.0,9.75,1.0,34.19,0.0,0.0,0.0,0.47307535945306844,0.3329015841399743
parameter-search-v2,profile_0083,infinite_scroll,6.692070065904292,7.155930774735464,6.759728060093892,6.092893368693924,2.0,10.71875,1.0,27.293333333333333,0.0,0.0,0.0,1.0,1.0
parameter-search-v2,profile_0083,simple_a,9.507379746563966,9.550455887628486,9.503796367982005,9.471470362663368,9.070121951219512,9.929775280898877,1.0,45.42333333333333,8.188333333333333,0.18026711675350407,119.38333333333334,0.6271469758311864,0.4650386507197653
parameter-search-v2,profile_0083,simple_b,8.517455673260473,8.534246064118665,8.498371772476814,8.538833083969598,8.096774193548388,9.070294784580499,1.0,60.07833333333333,7.211666666666667,0.12003772852109745,105.69166666666666,0.8040053986261416,0.6552663238034755
parameter-search-v2,profile_0084,trio_a,7.821217260767386,8.33333333333331,8.333333333333309,6.284869043069619,0.0,8.333333333333323,1.0,33.195,0.0,0.0,0.0,0.4611224430883874,0.3271643475203847
parameter-search-v2,profile_0084,trio_b,9.548564451494496,10.0,10.0,8.194257805977985,0.0,10.0,1.0,45.075,3.6466666666666665,0.08090220003697542,26.0,0.613983668550232,0.4573943342519194
parameter-search-v2,profile_0084,fives,6.28076187602325,8.0,7.6294550116697835,1.8641374807534354,0.0,8.0,1.0,18.273333333333333,0.0,0.0,0.0,0.2558098763981117,0.17391007685125334
parameter-search-v2,profile_0084,cumulative_a,8.498539009740629,9.25,9.156525122084428,6.431105794793657,0.0,9.25,1.0,44.82,0.0,0.0,0.0,0.613983668550232,0.4573943342519194
parameter-search-v2,profile_0084,cumulative_b,9.459561630657703,9.75,9.718299266596304,8.651647989438201,5.0,9.75,1.0,45.22833333333333,0.0,0.0,0.0,0.613983668550232,0.4573943342519194
parameter-search-v2,profile_0084,infinite_scroll,6.232420300652656,6.612562190350627,6.257932630821854,5.801253750616288,2.0,9.797101449275363,1.0,26.371666666666666,0.0,0.0,0.0,1.0,1.0
parameter-search-v2,profile_0084,simple_a,9.49460774378411,9.494826439692543,9.483515159302677,9.51657421683854,9.075425790754258,10.012468827930174,1.0,53.373333333333335,10.13,0.18979515363477392,146.08333333333334,0.7205583374314025,0.563371286436302
parameter-search-v2,profile_0084,simple_b,8.50235303915069,8.501024358764184,8.511878513451304,8.484630770935965,8.090277777777779,8.880597014925373,1.0,53.663333333333334,6.223333333333334,0.11596993602087086,90.76666666666667,0.7205583374314025,0.563371286436302
parameter-search-v2,profile_0085,trio_a,8.022260861036536,8.333333333333373,8.333333333333373,7.089043444146026,0.0,8.333333333333382,1.0,52.79666666666667,0.0,0.0,0.0,0.7124904507257449,0.559222150398621
parameter-search-v2,profile_0085,trio_b,7.827458743015032,8.33333333333331,8.333333333333307,6.309834972060203,0.0,8.333333333333325,1.0,33.14666666666667,0.0,0.0,0.0,0.45443592355357065,0.3246049701932055
parameter-search-v2,profile_0085,fives,7.889045450572027,9.0,8.99331155703602,4.569558688216067,0.0,9.0,1.0,32.68,0.0016666666666666668,5.0999592003263974e-05,0.0,0.45443592355357065,0.3246049701932055
parameter-search-v2,profile_0085,cumulative_a,9.462242696543992,9.75,9.717715381771592,8.663540022632784,5.0,9.75,1.0,44.335,0.0,0.0,0.0,0.6058556639438992,0.4538703943115708
parameter-search-v2,profile_0085,cumulative_b,8.213203140686662,9.249076740516578,8.973664139190657,5.656407543848756,0.0,9.25,1.0,32.875,0.0,0.0,0.0,0.45443592355357065,0.3246049701932055
parameter-search-v2,profile_0085,infinite_scroll,6.711851826345727,7.206052839530417,6.7579074291056624,6.125539607641164,2.0,10.576271186440678,1.0,27.123333333333335,0.0,0.0,0.0,1.0,1.0
parameter-search-v2,profile_0085,simple_a,9.541926195961445,9.527099966668281,9.532029277709658,9.57654626175818,8.908554572271386,10.0,1.0,44.25833333333333,11.38,0.2571267181321785,150.49166666666667,0.6058556639438992,0.4538703943115708
parameter-search-v2,profile_0085,simple_b,8.514983710376821,8.544918909960574,8.505653319395167,8.503709292756383,8.034825870646767,8.879310344827585,1.0,52.785,8.618333333333334,0.16327239430393736,115.66666666666667,0.7124904507257448,0.559222150398621
parameter-search-v2,profile_0086,trio_a,7.970648274712329,8.333333333333357,8.333333333333355,6.882593098849249,0.0,8.333333333333366,1.0,45.96,0.0,0.0,0.0,0.6058556639438992,0.4538703943115707
parameter-search-v2,profile_0086,trio_b,9.428692363432969,10.0,10.0,7.714769453731877,0.0,10.0,1.0,34.41,2.1683333333333334,0.06301462753075657,11.35,0.4544359235535706,0.3246049701932055
parameter-search-v2,profile_0086,fives,7.945606813815597,9.0,8.996566905635138,4.78929344399211,0.0,9.0,1.0,34.343333333333334,0.0,0.0,0.0,0.4544359235535706,0.3246049701932055
parameter-search-v2,profile_0086,cumulative_a,9.365356761037482,9.749894907690551,9.667310100606612,8.376911935246156,5.0,9.75,1.0,34.185,0.0,0.0,0.0,0.4544359235535706,0.3246049701932055
parameter-search-v2,profile_0086,cumulative_b,10.0,10.0,10.0,10.0,10.0,10.0,1.0,46.211666666666666,1.7533333333333334,0.03794135680023082,17.533333333333335,0.6058556639438992,0.4538703943115707
parameter-search-v2,profile_0086,infinite_scroll,8.168300450043938,8.528271387332364,8.16743172266168,7.810066967520027,5.0,11.24,1.0,15.396666666666667,0.0,0.0,0.0,1.0,1.0
parameter-search-v2,profile_0086,simple_a,9.514989100947748,9.474915966921012,9.536175642393314,9.51268915208335,9.102564102564102,9.84375,1.0,54.67333333333333,9.753333333333334,0.1783928789172052,144.10833333333332,0.7124904507257449,0.559222150398621
parameter-search-v2,profile_0086,simple_b,8.496872621634713,8.50059996228234,8.484467930361314,8.517954663533889,8.08433734939759,8.857142857142858,1.0,54.82,6.325,0.11537759941627143,93.9,0.7124904507257449,0.559222150398621
parameter-search-v2,profile_0087,trio_a,7.967859632284501,8.333333333333353,8.333333333333353,6.871438529137945,0.0,8.333333333333362,1.0,45.17,0.0,0.0,0.0,0.5991603984251044,0.45025587157940095
parameter-search-v2,profile_0087,trio_b,8.020376156652144,8.333333333333375,8.333333333333375,7.081504626608454,0.0,8.333333333333384,1.0,53.86,0.0,0.0,0.0,0.7061830326536209,0.5551353874883287
parameter-search-v2,profile_0087,fives,7.915576817486422,9.0,8.996443602693603,4.669420064558485,0.0,9.0,1.0,33.625,0.0,0.0,0.0,0.44858768682298095,0.3219205630970337
parameter-search-v2,profile_0087,cumulative_a,8.51278575473773,9.25,9.16245038005201,6.4762422588468995,0.0,9.25,1.0,45.145,0.0,0.0,0.0,0.5991603984251044,0.450255871579401
parameter-search-v2,profile_0087,cumulative_b,10.0,10.0,10.0,10.0,10.0,10.0,1.0,33.901666666666664,4.53,0.13362174917654,45.3,0.44858768682298095,0.3219205630970337
parameter-search-v2,profile_0087,infinite_scroll,7.191994639471406,7.810850620613651,7.1638010113120005,6.629525914647973,2.0,11.310344827586206,1.0,18.066666666666666,0.0,0.0,0.0,1.0,1.0
parameter-search-v2,profile_0087,simple_a,9.54189735286867,9.530362511474303,9.56825879030858,9.500709319383216,9.152298850574713,10.105740181268882,1.0,44.97666666666667,9.41,0.20921959534573484,131.1,0.5991603984251044,0.450255871579401
parameter-search-v2,profile_0087,simple_b,8.516171920579426,8.489814647057504,8.539541866197291,8.49578930286562,7.994186046511628,9.034267912772586,1.0,45.255,6.06,0.1339078554855817,85.35833333333333,0.5991603984251044,0.450255871579401
parameter-search-v2,profile_0088,trio_a,8.027021846468891,8.333333333333377,8.333333333333375,7.108087385875438,0.0,8.333333333333384,1.0,54.58166666666666,0.0,0.0,0.0,0.7124904507257449,0.559222150398621
parameter-search-v2,profile_0088,trio_b,9.417050472373749,10.0,10.0,7.668201889494997,0.0,10.0,1.0,34.27333333333333,2.62,0.07644427154250145,15.6,0.45443592355357065,0.3246049701932055
parameter-search-v2,profile_0088,fives,7.950020041923745,9.0,8.993927292897581,4.812225581899818,0.0,9.0,1.0,34.255,0.0,0.0,0.0,0.45443592355357065,0.3246049701932055
parameter-search-v2,profile_0088,cumulative_a,9.463900915005784,9.749998065015479,9.720630702906906,8.664344189193846,5.0,9.75,1.0,46.208333333333336,0.0,0.0,0.0,0.6058556639438991,0.4538703943115708
parameter-search-v2,profile_0088,cumulative_b,10.0,10.0,10.0,10.0,10.0,10.0,1.0,33.995,1.645,0.04838946903956464,16.45,0.45443592355357065,0.3246049701932055
parameter-search-v2,profile_0088,infinite_scroll,8.536106247229602,8.882659616452719,8.544158346659293,8.173448679147107,5.0,11.05,1.0,16.35,0.0,0.0,0.0,1.0,1.0
parameter-search-v2,profile_0088,simple_a,9.526846807285365,9.507923768008338,9.568644471203033,9.462174518727055,9.080882352941176,9.892857142857142,1.0,54.263333333333335,10.301666666666666,0.18984581362491554,150.54166666666666,0.7124904507257448,0.559222150398621
parameter-search-v2,profile_0088,simple_b,8.500987528184243,8.47699454736581,8.544337674707654,8.438280215955851,7.972222222222222,8.863636363636363,1.0,46.07333333333333,5.433333333333334,0.11792794096368109,79.95833333333333,0.6058556639438992,0.4538703943115708
parameter-search-v2,profile_0089,trio_a,9.541380611603746,10.0,10.0,8.16552244641498,0.0,10.0,1.0,44.92166666666667,4.445,0.09895002411605387,34.6,0.5928189457601223,0.4467787114845938
parameter-search-v2,profile_0089,trio_b,9.402262259298682,10.0,10.0,7.609049037194727,0.0,10.0,1.0,33.50833333333333,1.6883333333333332,0.05038547624968913,7.6,0.4430863254392667,0.319327731092437
parameter-search-v2,profile_0089,fives,7.280587529962534,8.0,8.0,5.122350119850134,0.0,8.0,1.0,45.25666666666667,0.0,0.0,0.0,0.5928189457601223,0.4467787114845938
parameter-search-v2,profile_0089,cumulative_a,8.500944100632928,9.25,9.158045265142114,6.437685872247482,0.0,9.25,1.0,45.335,0.0,0.0,0.0,0.5928189457601223,0.4467787114845938
parameter-search-v2,profile_0089,cumulative_b,10.0,10.0,10.0,10.0,10.0,10.0,1.0,45.156666666666666,1.1383333333333334,0.025208533254595114,11.383333333333333,0.5928189457601223,0.4467787114845938
parameter-search-v2,profile_0089,infinite_scroll,8.14877396668028,8.497742061156446,8.142451630929349,7.812450543705973,5.0,11.292682926829269,1.0,15.828333333333333,0.0,0.0,0.0,1.0,1.0
parameter-search-v2,profile_0089,simple_a,9.484227468867532,9.507938981409342,9.452352760172031,9.524265373716718,8.941176470588236,9.985207100591715,1.0,44.86333333333334,7.488333333333333,0.16691433241697007,111.19166666666666,0.5928189457601223,0.4467787114845938
parameter-search-v2,profile_0089,simple_b,8.521470798930682,8.499555554317753,8.534548072764007,8.51723149587696,7.976878612716763,8.968023255813954,1.0,45.13,5.24,0.11610901839131398,78.18333333333334,0.5928189457601223,0.4467787114845938
parameter-search-v2,profile_0090,trio_a,8.02621970374464,8.333333333333375,8.333333333333375,7.1048788149784325,0.0,8.333333333333382,1.0,54.39833333333333,0.0016666666666666668,3.0638193572106986e-05,0.0,0.7124904507257449,0.559222150398621
parameter-search-v2,profile_0090,trio_b,7.8550822008334675,8.333333333333309,8.332607433217168,6.421780603566226,0.0,8.33333333333333,1.0,34.18666666666667,0.0,0.0,0.0,0.45443592355357065,0.3246049701932055
parameter-search-v2,profile_0090,fives,7.312686426611665,8.0,8.0,5.250745706446663,0.0,8.0,1.0,46.096666666666664,0.0,0.0,0.0,0.6058556639438992,0.4538703943115708
parameter-search-v2,profile_0090,cumulative_a,8.257520374473263,9.24924154376196,9.005371359175387,5.77009723578032,0.0,9.25,1.0,34.29,0.0,0.0,0.0,0.45443592355357065,0.3246049701932055
parameter-search-v2,profile_0090,cumulative_b,10.0,10.0,10.0,10.0,10.0,10.0,1.0,34.32333333333333,3.308333333333333,0.09638729727104982,33.083333333333336,0.45443592355357065,0.3246049701932055
parameter-search-v2,profile_0090,infinite_scroll,8.141849288409382,8.432039770418234,8.166345444496283,7.802666494226726,5.0,11.05,1.0,15.891666666666667,0.0,0.0,0.0,1.0,1.0
parameter-search-v2,profile_0090,simple_a,9.506575415005297,9.53878525176588,9.508185596361525,9.471145215532259,9.032738095238095,9.955223880597014,1.0,46.17166666666667,9.52,0.20618705555355016,134.33333333333334,0.6058556639438992,0.4538703943115708
parameter-search-v2,profile_0090,simple_b,8.529034689544051,8.514863347399558,8.531643767675424,8.537987875425793,8.236009732360097,8.879716981132075,1.0,54.641666666666666,7.17,0.1312185450663413,102.56666666666666,0.7124904507257448,0.559222150398621
parameter-search-v2,profile_0091,trio_a,7.957072417379552,8.333333333333353,8.333333333333353,6.828289669518149,0.0,8.333333333333364,1.0,45.321666666666665,0.0,0.0,0.0,0.613983668550232,0.4573943342519194
parameter-search-v2,profile_0091,trio_b,9.630367168859378,10.0,10.0,8.521468675437514,0.0,10.0,1.0,53.54333333333334,4.703333333333333,0.08784162360704725,36.65,0.7205583374314024,0.563371286436302
parameter-search-v2,profile_0091,fives,7.00526915058077,9.0,8.53393071003487,1.9532151822533426,0.0,9.0,1.0,18.365,0.0,0.0,0.0,0.2558098763981117,0.17391007685125334
parameter-search-v2,profile_0091,cumulative_a,10.0,10.0,10.0,10.0,10.0,10.0,1.0,33.31333333333333,1.175,0.03527116269761857,11.75,0.4611224430883874,0.3271643475203847
parameter-search-v2,profile_0091,cumulative_b,9.461177347942328,9.75,9.718161772813701,8.658385846141915,5.0,9.75,1.0,45.125,0.0,0.0,0.0,0.613983668550232,0.4573943342519194
parameter-search-v2,profile_0091,infinite_scroll,6.210865154825847,6.536453867721446,6.237418250269772,5.832170251042397,2.0,9.824561403508772,1.0,26.173333333333332,0.0,0.0,0.0,1.0,1.0
parameter-search-v2,profile_0091,simple_a,9.501361929144537,9.544738389464396,9.493561814477207,9.473585698159336,8.987730061349692,10.015151515151516,1.0,44.78666666666667,7.86,0.1754986603155701,115.76666666666667,0.613983668550232,0.4573943342519194
parameter-search-v2,profile_0091,simple_b,8.548920885608648,8.530217418723907,8.578561537453371,8.508343048803942,8.267898383371824,9.01985111662531,1.0,53.37166666666667,6.261666666666667,0.1173219248665022,92.79166666666667,0.7205583374314024,0.563371286436302
parameter-search-v2,profile_0092,trio_a,9.410340831338763,10.0,10.0,7.641363325355053,0.0,10.0,1.0,33.903333333333336,2.575,0.07595123390030478,16.1,0.4544359235535706,0.3246049701932055
parameter-search-v2,profile_0092,trio_b,7.8433695427769425,8.333333333333314,8.333333333333313,6.373478171107827,0.0,8.333333333333327,1.0,34.545,0.0,0.0,0.0,0.4544359235535706,0.3246049701932055
parameter-search-v2,profile_0092,fives,7.0592133240430615,8.0,7.993548897416808,4.249755501338627,0.0,8.0,1.0,34.00833333333333,0.0,0.0,0.0,0.4544359235535706,0.3246049701932055
parameter-search-v2,profile_0092,cumulative_a,10.0,10.0,10.0,10.0,10.0,10.0,1.0,45.821666666666665,2.14,0.04670279707561925,21.4,0.6058556639438992,0.4538703943115708
parameter-search-v2,profile_0092,cumulative_b,9.46702705941173,9.75,9.7224928140526,8.673122609541728,5.0,9.75,1.0,46.13,0.0,0.0,0.0,0.6058556639438992,0.4538703943115708
parameter-search-v2,profile_0092,infinite_scroll,8.568467469129162,8.982422320363147,8.580721195778402,8.130005164596698,5.0,12.142857142857142,1.0,17.048333333333332,0.0,0.0,0.0,1.0,1.0
parameter-search-v2,profile_0092,simple_a,9.480082704158736,9.49204000068579,9.470423428766011,9.487443958417126,9.143518518518519,9.891826923076923,1.0,54.276666666666664,9.356666666666667,0.1723883805195603,137.44166666666666,0.7124904507257448,0.559222150398621
parameter-search-v2,profile_0092,simple_b,8.504307222818113,8.501731893478686,8.4865110424155,8.542474912962764,8.018018018018019,8.88888888888889,1.0,54.266666666666666,5.928333333333334,0.10924447174447174,87.99166666666666,0.7124904507257448,0.559222150398621
parameter-search-v2,profile_0093,trio_a,9.448869791075904,10.0,10.0,7.7954791643036145,0.0,10.0,1.0,36.13666666666666,1.8966666666666667,0.05248593303200812,9.0,0.48995390574337944,0.34189389901464207
parameter-search-v2,profile_0093,trio_b,9.654225410495808,10.0,10.0,8.616901641983237,0.0,10.0,1.0,57.25333333333333,1.6883333333333332,0.029488821611551003,7.55,0.7477517322718561,0.5844054809999083
parameter-search-v2,profile_0093,fives,7.231646777889696,9.0,8.711954401181861,2.5026783091950593,0.0,9.0,1.0,20.383333333333333,0.0,0.0,0.0,0.2737745098039216,0.18194281208987093
parameter-search-v2,profile_0093,cumulative_a,8.312667172755692,9.249741633245142,9.043997895914217,5.912931265949196,0.0,9.25,1.0,36.22,0.0,0.0,0.0,0.48995390574337944,0.34189389901464207
parameter-search-v2,profile_0093,cumulative_b,10.0,10.0,10.0,10.0,10.0,10.0,1.0,36.068333333333335,0.31666666666666665,0.00877963125548727,3.1666666666666665,0.48995390574337944,0.34189389901464207
parameter-search-v2,profile_0093,infinite_scroll,8.881285603428946,9.352350233375324,8.875137246192294,8.422517687955871,5.0,12.615384615384615,1.0,18.188333333333333,0.0,0.0,0.0,1.0,1.0
parameter-search-v2,profile_0093,simple_a,9.501872880087843,9.53432710737997,9.4764357380278,9.520292936915805,9.081632653061224,9.793388429752065,1.0,66.86666666666666,11.181666666666667,0.16722333000997008,167.31666666666666,0.8640351908153765,0.7311536760453169
parameter-search-v2,profile_0093,simple_b,8.485316713394274,8.460027504934606,8.49948434104755,8.482270666547391,8.132183908045977,8.88888888888889,1.0,48.88333333333333,4.916666666666667,0.10057961131946812,73.6,0.6445768498787074,0.47681633382097777
parameter-search-v2,profile_0094,trio_a,8.023988262003584,8.333333333333373,8.333333333333373,7.095953048014218,0.0,8.33333333333338,1.0,52.916666666666664,0.0,0.0,0.0,0.7124904507257448,0.559222150398621
parameter-search-v2,profile_0094,trio_b,9.37498039927846,10.0,10.0,7.499921597113838,0.0,10.0,1.0,32.74333333333333,3.145,0.09605008653160949,21.4,0.45443592355357065,0.3246049701932055
parameter-search-v2,profile_0094,fives,7.043032668361647,8.0,7.995135108621431,4.181860456203725,0.0,8.0,1.0,32.82333333333333,0.0,0.0,0.0,0.45443592355357065,0.3246049701932055
parameter-search-v2,profile_0094,cumulative_a,9.365678771602685,9.749451818581377,9.659310863032506,8.394641541764354,5.0,9.75,1.0,32.68833333333333,0.0,0.0,0.0,0.45443592355357065,0.3246049701932055
parameter-search-v2,profile_0094,cumulative_b,10.0,10.0,10.0,10.0,10.0,10.0,1.0,43.96666666666667,2.6616666666666666,0.060538286580742985,26.616666666666667,0.6058556639438992,0.4538703943115708
parameter-search-v2,profile_0094,infinite_scroll,6.7232482343280635,7.234363618369004,6.731750478152,6.195128362639251,2.0,10.566666666666666,1.0,27.973333333333333,0.0,0.0,0.0,1.0,1.0
parameter-search-v2,profile_0094,simple_a,9.438513954823875,9.432325614777998,9.459740993722587,9.40224821707233,9.016666666666667,9.925595238095237,1.0,44.08833333333333,7.953333333333333,0.18039541828904093,116.19166666666666,0.6058556639438992,0.4538703943115708
parameter-search-v2,profile_0094,simple_b,8.480095724304336,8.49978843499152,8.472367523695961,8.475859414833895,8.1375,8.867684478371501,1.0,52.8,6.24,0.11818181818181818,91.93333333333334,0.7124904507257448,0.559222150398621
parameter-search-v2,profile_0095,trio_a,7.986606584895881,8.33333333333336,8.333333333333359,6.9464263395834465,0.0,8.33333333333337,1.0,47.205,0.0,0.0,0.0,0.6271469758311864,0.4650386507197653
parameter-search-v2,profile_0095,trio_b,7.858814243340305,8.333333333333316,8.333333333333316,6.43525697336127,0.0,8.333333333333334,1.0,35.1,0.0,0.0,0.0,0.47307535945306844,0.3329015841399743
parameter-search-v2,profile_0095,fives,6.36436148179035,8.0,7.665657149995839,2.126131627169723,0.0,8.0,1.0,19.425,0.0,0.0,0.0,0.26311262267144625,0.1770210998152175
parameter-search-v2,profile_0095,cumulative_a,8.267912861667254,9.249554024653722,9.024315503221212,5.773466415572871,0.0,9.25,1.0,35.291666666666664,0.0,0.0,0.0,0.47307535945306844,0.3329015841399743
parameter-search-v2,profile_0095,cumulative_b,10.0,10.0,10.0,10.0,10.0,10.0,1.0,47.166666666666664,2.51,0.05321554770318021,25.1,0.6271469758311864,0.4650386507197653
parameter-search-v2,profile_0095,infinite_scroll,8.879931228623049,9.35738430125199,8.891717335517537,8.37890594220513,5.0,12.096153846153847,1.0,18.415,0.0,0.0,0.0,1.0,1.0
parameter-search-v2,profile_0095,simple_a,9.499546421371893,9.509432496567651,9.461808039059683,9.565137110800555,9.104477611940299,9.904862579281184,1.0,61.67,11.241666666666667,0.18228744392195018,164.53333333333333,0.8040053986261417,0.6552663238034756
parameter-search-v2,profile_0095,simple_b,8.487394364681252,8.471428090056872,8.482026884979955,8.514095598708225,7.987341772151899,8.853658536585366,1.0,55.72666666666667,6.248333333333333,0.11212465605933725,92.25833333333334,0.7324373081339026,0.5718321066618282
parameter-search-v2,profile_0096,trio_a,7.829296357357518,8.33333333333331,8.333333333333307,6.317185429430148,0.0,8.33333333333333,1.0,32.99333333333333,0.0,0.0,0.0,0.4544359235535706,0.3246049701932055
parameter-search-v2,profile_0096,trio_b,9.548288567287461,10.0,10.0,8.193154269149842,0.0,10.0,1.0,44.236666666666665,3.6883333333333335,0.08337728882525808,26.5,0.6058556639438992,0.4538703943115708
parameter-search-v2,profile_0096,fives,7.002026461773255,8.0,7.993538019951063,4.021029807190896,0.0,8.0,1.0,32.776666666666664,0.0,0.0,0.0,0.4544359235535706,0.3246049701932055
parameter-search-v2,profile_0096,cumulative_a,8.477295218609575,9.25,9.149761550395976,6.359657773646353,0.0,9.25,1.0,44.166666666666664,0.0,0.0,0.0,0.6058556639438992,0.4538703943115708
parameter-search-v2,profile_0096,cumulative_b,8.232416758013303,9.24895241189433,8.982826738038407,5.7150611440820684,0.0,9.25,1.0,32.94,0.0,0.0,0.0,0.45443592355357065,0.3246049701932055
parameter-search-v2,profile_0096,infinite_scroll,8.5403852922246,8.89557119854625,8.572396144244454,8.12117768186324,5.0,11.352941176470589,1.0,27.763333333333332,0.0,0.0,0.0,1.0,1.0
parameter-search-v2,profile_0096,simple_a,9.484285766883586,9.541823887264416,9.488590697948084,9.418137784373759,9.071246819338423,9.864532019704434,1.0,52.615,9.961666666666666,0.1893313060280655,143.09166666666667,0.7124904507257449,0.559222150398621
parameter-search-v2,profile_0096,simple_b,8.544112819381866,8.53950574402951,8.54799866528594,8.54094820292607,8.034398034398034,8.91358024691358,1.0,52.50833333333333,6.35,0.12093318520869703,92.28333333333333,0.7124904507257449,0.559222150398621
